tournament,year,stage,date,home_team,home_score,away_team,away_score,neutral
1930 FIFA Men's World Cup,1930,Group 1,1930-07-13,France,4,Mexico,1,1
1930 FIFA Men's World Cup,1930,Group 4,1930-07-13,United States,3,Belgium,0,1
1930 FIFA Men's World Cup,1930,Group 2,1930-07-14,Yugoslavia,2,Brazil,1,1
1930 FIFA Men's World Cup,1930,Group 3,1930-07-14,Romania,3,Peru,1,1
1930 FIFA Men's World Cup,1930,Group 1,1930-07-15,Argentina,1,France,0,1
1930 FIFA Men's World Cup,1930,Group 1,1930-07-16,Chile,3,Mexico,0,1
1930 FIFA Men's World Cup,1930,Group 2,1930-07-17,Yugoslavia,4,Bolivia,0,1
1930 FIFA Men's World Cup,1930,Group 4,1930-07-17,United States,3,Paraguay,0,1
1930 FIFA Men's World Cup,1930,Group 3,1930-07-18,Uruguay,1,Peru,0,0
1930 FIFA Men's World Cup,1930,Group 1,1930-07-19,Argentina,6,Mexico,3,1
1930 FIFA Men's World Cup,1930,Group 1,1930-07-19,Chile,1,France,0,1
1930 FIFA Men's World Cup,1930,Group 2,1930-07-20,Brazil,4,Bolivia,0,1
1930 FIFA Men's World Cup,1930,Group 4,1930-07-20,Paraguay,1,Belgium,0,1
1930 FIFA Men's World Cup,1930,Group 3,1930-07-21,Uruguay,4,Romania,0,0
1930 FIFA Men's World Cup,1930,Group 1,1930-07-22,Argentina,3,Chile,1,1
1930 FIFA Men's World Cup,1930,semi-finals,1930-07-26,Argentina,6,United States,1,1
1930 FIFA Men's World Cup,1930,semi-finals,1930-07-27,Uruguay,6,Yugoslavia,1,0
1930 FIFA Men's World Cup,1930,final,1930-07-30,Uruguay,4,Argentina,2,0
1934 FIFA Men's World Cup,1934,round of 16,1934-05-27,Austria,3,France,2,1
1934 FIFA Men's World Cup,1934,round of 16,1934-05-27,Czechoslovakia,2,Romania,1,1
1934 FIFA Men's World Cup,1934,round of 16,1934-05-27,Germany,5,Belgium,2,1
1934 FIFA Men's World Cup,1934,round of 16,1934-05-27,Hungary,4,Egypt,2,1
1934 FIFA Men's World Cup,1934,round of 16,1934-05-27,Italy,7,United States,1,0
1934 FIFA Men's World Cup,1934,round of 16,1934-05-27,Spain,3,Brazil,1,1
1934 FIFA Men's World Cup,1934,round of 16,1934-05-27,Sweden,3,Argentina,2,1
1934 FIFA Men's World Cup,1934,round of 16,1934-05-27,Switzerland,3,Netherlands,2,1
1934 FIFA Men's World Cup,1934,quarter-finals,1934-05-31,Austria,2,Hungary,1,1
1934 FIFA Men's World Cup,1934,quarter-finals,1934-05-31,Czechoslovakia,3,Switzerland,2,1
1934 FIFA Men's World Cup,1934,quarter-finals,1934-05-31,Germany,2,Sweden,1,1
1934 FIFA Men's World Cup,1934,quarter-finals,1934-05-31,Italy,1,Spain,1,0
1934 FIFA Men's World Cup,1934,quarter-finals,1934-06-01,Italy,1,Spain,0,0
1934 FIFA Men's World Cup,1934,semi-finals,1934-06-03,Czechoslovakia,3,Germany,1,1
1934 FIFA Men's World Cup,1934,semi-finals,1934-06-03,Italy,1,Austria,0,0
1934 FIFA Men's World Cup,1934,third-place match,1934-06-07,Germany,3,Austria,2,1
1934 FIFA Men's World Cup,1934,final,1934-06-10,Italy,2,Czechoslovakia,1,0
1938 FIFA Men's World Cup,1938,round of 16,1938-06-04,Switzerland,1,Germany,1,1
1938 FIFA Men's World Cup,1938,round of 16,1938-06-05,Brazil,6,Poland,5,1
1938 FIFA Men's World Cup,1938,round of 16,1938-06-05,Cuba,3,Romania,3,1
1938 FIFA Men's World Cup,1938,round of 16,1938-06-05,Czechoslovakia,3,Netherlands,0,1
1938 FIFA Men's World Cup,1938,round of 16,1938-06-05,France,3,Belgium,1,0
1938 FIFA Men's World Cup,1938,round of 16,1938-06-05,Hungary,6,Dutch East Indies,0,1
1938 FIFA Men's World Cup,1938,round of 16,1938-06-05,Italy,2,Norway,1,1
1938 FIFA Men's World Cup,1938,round of 16,1938-06-09,Cuba,2,Romania,1,1
1938 FIFA Men's World Cup,1938,round of 16,1938-06-09,Switzerland,4,Germany,2,1
1938 FIFA Men's World Cup,1938,quarter-finals,1938-06-12,Brazil,1,Czechoslovakia,1,1
1938 FIFA Men's World Cup,1938,quarter-finals,1938-06-12,Hungary,2,Switzerland,0,1
1938 FIFA Men's World Cup,1938,quarter-finals,1938-06-12,Italy,3,France,1,1
1938 FIFA Men's World Cup,1938,quarter-finals,1938-06-12,Sweden,8,Cuba,0,1
1938 FIFA Men's World Cup,1938,quarter-finals,1938-06-14,Brazil,2,Czechoslovakia,1,1
1938 FIFA Men's World Cup,1938,semi-finals,1938-06-16,Hungary,5,Sweden,1,1
1938 FIFA Men's World Cup,1938,semi-finals,1938-06-16,Italy,2,Brazil,1,1
1938 FIFA Men's World Cup,1938,final,1938-06-19,Italy,4,Hungary,2,1
1938 FIFA Men's World Cup,1938,third-place match,1938-06-19,Brazil,4,Sweden,2,1
1950 FIFA Men's World Cup,1950,Group 1,1950-06-24,Brazil,4,Mexico,0,0
1950 FIFA Men's World Cup,1950,Group 1,1950-06-25,Yugoslavia,3,Switzerland,0,1
1950 FIFA Men's World Cup,1950,Group 2,1950-06-25,England,2,Chile,0,1
1950 FIFA Men's World Cup,1950,Group 2,1950-06-25,Spain,3,United States,1,1
1950 FIFA Men's World Cup,1950,Group 3,1950-06-25,Sweden,3,Italy,2,1
1950 FIFA Men's World Cup,1950,Group 1,1950-06-28,Brazil,2,Switzerland,2,0
1950 FIFA Men's World Cup,1950,Group 1,1950-06-28,Yugoslavia,4,Mexico,1,1
1950 FIFA Men's World Cup,1950,Group 2,1950-06-29,Spain,2,Chile,0,1
1950 FIFA Men's World Cup,1950,Group 2,1950-06-29,United States,1,England,0,1
1950 FIFA Men's World Cup,1950,Group 3,1950-06-29,Sweden,2,Paraguay,2,1
1950 FIFA Men's World Cup,1950,Group 1,1950-07-01,Brazil,2,Yugoslavia,0,0
1950 FIFA Men's World Cup,1950,Group 1,1950-07-02,Switzerland,2,Mexico,1,1
1950 FIFA Men's World Cup,1950,Group 2,1950-07-02,Chile,5,United States,2,1
1950 FIFA Men's World Cup,1950,Group 2,1950-07-02,Spain,1,England,0,1
1950 FIFA Men's World Cup,1950,Group 3,1950-07-02,Italy,2,Paraguay,0,1
1950 FIFA Men's World Cup,1950,Group 4,1950-07-02,Uruguay,8,Bolivia,0,1
1950 FIFA Men's World Cup,1950,final round,1950-07-09,Brazil,7,Sweden,1,0
1950 FIFA Men's World Cup,1950,final round,1950-07-09,Uruguay,2,Spain,2,1
1950 FIFA Men's World Cup,1950,final round,1950-07-13,Brazil,6,Spain,1,0
1950 FIFA Men's World Cup,1950,final round,1950-07-13,Uruguay,3,Sweden,2,1
1950 FIFA Men's World Cup,1950,final round,1950-07-16,Sweden,3,Spain,1,1
1950 FIFA Men's World Cup,1950,final round,1950-07-16,Uruguay,2,Brazil,1,1
1954 FIFA Men's World Cup,1954,Group 1,1954-06-16,Brazil,5,Mexico,0,1
1954 FIFA Men's World Cup,1954,Group 1,1954-06-16,Yugoslavia,1,France,0,1
1954 FIFA Men's World Cup,1954,Group 3,1954-06-16,Austria,1,Scotland,0,1
1954 FIFA Men's World Cup,1954,Group 3,1954-06-16,Uruguay,2,Czechoslovakia,0,1
1954 FIFA Men's World Cup,1954,Group 2,1954-06-17,Hungary,9,South Korea,0,1
1954 FIFA Men's World Cup,1954,Group 2,1954-06-17,West Germany,4,Turkey,1,1
1954 FIFA Men's World Cup,1954,Group 4,1954-06-17,England,4,Belgium,4,1
1954 FIFA Men's World Cup,1954,Group 4,1954-06-17,Switzerland,2,Italy,1,0
1954 FIFA Men's World Cup,1954,Group 1,1954-06-19,Brazil,1,Yugoslavia,1,1
1954 FIFA Men's World Cup,1954,Group 1,1954-06-19,France,3,Mexico,2,1
1954 FIFA Men's World Cup,1954,Group 3,1954-06-19,Austria,5,Czechoslovakia,0,1
1954 FIFA Men's World Cup,1954,Group 3,1954-06-19,Uruguay,7,Scotland,0,1
1954 FIFA Men's World Cup,1954,Group 2,1954-06-20,Hungary,8,West Germany,3,1
1954 FIFA Men's World Cup,1954,Group 2,1954-06-20,Turkey,7,South Korea,0,1
1954 FIFA Men's World Cup,1954,Group 4,1954-06-20,England,2,Switzerland,0,1
1954 FIFA Men's World Cup,1954,Group 4,1954-06-20,Italy,4,Belgium,1,1
1954 FIFA Men's World Cup,1954,Group 2,1954-06-23,West Germany,7,Turkey,2,1
1954 FIFA Men's World Cup,1954,Group 4,1954-06-23,Switzerland,4,Italy,1,0
1954 FIFA Men's World Cup,1954,quarter-finals,1954-06-26,Austria,7,Switzerland,5,1
1954 FIFA Men's World Cup,1954,quarter-finals,1954-06-26,Uruguay,4,England,2,1
1954 FIFA Men's World Cup,1954,quarter-finals,1954-06-27,Hungary,4,Brazil,2,1
1954 FIFA Men's World Cup,1954,quarter-finals,1954-06-27,West Germany,2,Yugoslavia,0,1
1954 FIFA Men's World Cup,1954,semi-finals,1954-06-30,Hungary,4,Uruguay,2,1
1954 FIFA Men's World Cup,1954,semi-finals,1954-06-30,West Germany,6,Austria,1,1
1954 FIFA Men's World Cup,1954,third-place match,1954-07-03,Austria,3,Uruguay,1,1
1954 FIFA Men's World Cup,1954,final,1954-07-04,West Germany,3,Hungary,2,1
1958 FIFA Men's World Cup,1958,Group 1,1958-06-08,Argentina,1,West Germany,3,1
1958 FIFA Men's World Cup,1958,Group 1,1958-06-08,Northern Ireland,1,Czechoslovakia,0,1
1958 FIFA Men's World Cup,1958,Group 2,1958-06-08,France,7,Paraguay,3,1
1958 FIFA Men's World Cup,1958,Group 2,1958-06-08,Yugoslavia,1,Scotland,1,1
1958 FIFA Men's World Cup,1958,Group 3,1958-06-08,Hungary,1,Wales,1,1
1958 FIFA Men's World Cup,1958,Group 3,1958-06-08,Sweden,3,Mexico,0,0
1958 FIFA Men's World Cup,1958,Group 4,1958-06-08,Brazil,3,Austria,0,1
1958 FIFA Men's World Cup,1958,Group 4,1958-06-08,Soviet Union,2,England,2,1
1958 FIFA Men's World Cup,1958,Group 1,1958-06-11,Argentina,3,Northern Ireland,1,1
1958 FIFA Men's World Cup,1958,Group 1,1958-06-11,West Germany,2,Czechoslovakia,2,1
1958 FIFA Men's World Cup,1958,Group 2,1958-06-11,Paraguay,3,Scotland,2,1
1958 FIFA Men's World Cup,1958,Group 2,1958-06-11,Yugoslavia,3,France,2,1
1958 FIFA Men's World Cup,1958,Group 3,1958-06-11,Mexico,1,Wales,1,1
1958 FIFA Men's World Cup,1958,Group 4,1958-06-11,Brazil,0,England,0,1
1958 FIFA Men's World Cup,1958,Group 4,1958-06-11,Soviet Union,2,Austria,0,1
1958 FIFA Men's World Cup,1958,Group 3,1958-06-12,Sweden,2,Hungary,1,0
1958 FIFA Men's World Cup,1958,Group 1,1958-06-15,Czechoslovakia,6,Argentina,1,1
1958 FIFA Men's World Cup,1958,Group 1,1958-06-15,West Germany,2,Northern Ireland,2,1
1958 FIFA Men's World Cup,1958,Group 2,1958-06-15,France,2,Scotland,1,1
1958 FIFA Men's World Cup,1958,Group 2,1958-06-15,Paraguay,3,Yugoslavia,3,1
1958 FIFA Men's World Cup,1958,Group 3,1958-06-15,Hungary,4,Mexico,0,1
1958 FIFA Men's World Cup,1958,Group 3,1958-06-15,Sweden,0,Wales,0,0
1958 FIFA Men's World Cup,1958,Group 4,1958-06-15,Brazil,2,Soviet Union,0,1
1958 FIFA Men's World Cup,1958,Group 4,1958-06-15,England,2,Austria,2,1
1958 FIFA Men's World Cup,1958,Group 1,1958-06-17,Northern Ireland,2,Czechoslovakia,1,1
1958 FIFA Men's World Cup,1958,Group 3,1958-06-17,Wales,2,Hungary,1,1
1958 FIFA Men's World Cup,1958,Group 4,1958-06-17,Soviet Union,1,England,0,1
1958 FIFA Men's World Cup,1958,quarter-finals,1958-06-19,Brazil,1,Wales,0,1
1958 FIFA Men's World Cup,1958,quarter-finals,1958-06-19,France,4,Northern Ireland,0,1
1958 FIFA Men's World Cup,1958,quarter-finals,1958-06-19,Sweden,2,Soviet Union,0,0
1958 FIFA Men's World Cup,1958,quarter-finals,1958-06-19,West Germany,1,Yugoslavia,0,1
1958 FIFA Men's World Cup,1958,semi-finals,1958-06-24,Brazil,5,France,2,1
1958 FIFA Men's World Cup,1958,semi-finals,1958-06-24,Sweden,3,West Germany,1,0
1958 FIFA Men's World Cup,1958,third-place match,1958-06-28,France,6,West Germany,3,1
1958 FIFA Men's World Cup,1958,final,1958-06-29,Brazil,5,Sweden,2,1
1962 FIFA Men's World Cup,1962,Group 1,1962-05-30,Uruguay,2,Colombia,1,1
1962 FIFA Men's World Cup,1962,Group 2,1962-05-30,Chile,3,Switzerland,1,0
1962 FIFA Men's World Cup,1962,Group 3,1962-05-30,Brazil,2,Mexico,0,1
1962 FIFA Men's World Cup,1962,Group 4,1962-05-30,Argentina,1,Bulgaria,0,1
1962 FIFA Men's World Cup,1962,Group 1,1962-05-31,Soviet Union,2,Yugoslavia,0,1
1962 FIFA Men's World Cup,1962,Group 2,1962-05-31,West Germany,0,Italy,0,1
1962 FIFA Men's World Cup,1962,Group 3,1962-05-31,Czechoslovakia,1,Spain,0,1
1962 FIFA Men's World Cup,1962,Group 4,1962-05-31,Hungary,2,England,1,1
1962 FIFA Men's World Cup,1962,Group 1,1962-06-02,Yugoslavia,3,Uruguay,1,1
1962 FIFA Men's World Cup,1962,Group 2,1962-06-02,Chile,2,Italy,0,0
1962 FIFA Men's World Cup,1962,Group 3,1962-06-02,Brazil,0,Czechoslovakia,0,1
1962 FIFA Men's World Cup,1962,Group 4,1962-06-02,England,3,Argentina,1,1
1962 FIFA Men's World Cup,1962,Group 1,1962-06-03,Soviet Union,4,Colombia,4,1
1962 FIFA Men's World Cup,1962,Group 2,1962-06-03,West Germany,2,Switzerland,1,1
1962 FIFA Men's World Cup,1962,Group 3,1962-06-03,Spain,1,Mexico,0,1
1962 FIFA Men's World Cup,1962,Group 4,1962-06-03,Hungary,6,Bulgaria,1,1
1962 FIFA Men's World Cup,1962,Group 1,1962-06-06,Soviet Union,2,Uruguay,1,1
1962 FIFA Men's World Cup,1962,Group 2,1962-06-06,West Germany,2,Chile,0,1
1962 FIFA Men's World Cup,1962,Group 3,1962-06-06,Brazil,2,Spain,1,1
1962 FIFA Men's World Cup,1962,Group 4,1962-06-06,Hungary,0,Argentina,0,1
1962 FIFA Men's World Cup,1962,Group 1,1962-06-07,Yugoslavia,5,Colombia,0,1
1962 FIFA Men's World Cup,1962,Group 2,1962-06-07,Italy,3,Switzerland,0,1
1962 FIFA Men's World Cup,1962,Group 3,1962-06-07,Mexico,3,Czechoslovakia,1,1
1962 FIFA Men's World Cup,1962,Group 4,1962-06-07,England,0,Bulgaria,0,1
1962 FIFA Men's World Cup,1962,quarter-finals,1962-06-10,Brazil,3,England,1,1
1962 FIFA Men's World Cup,1962,quarter-finals,1962-06-10,Chile,2,Soviet Union,1,0
1962 FIFA Men's World Cup,1962,quarter-finals,1962-06-10,Czechoslovakia,1,Hungary,0,1
1962 FIFA Men's World Cup,1962,quarter-finals,1962-06-10,Yugoslavia,1,West Germany,0,1
1962 FIFA Men's World Cup,1962,semi-finals,1962-06-13,Brazil,4,Chile,2,1
1962 FIFA Men's World Cup,1962,semi-finals,1962-06-13,Czechoslovakia,3,Yugoslavia,1,1
1962 FIFA Men's World Cup,1962,third-place match,1962-06-16,Chile,1,Yugoslavia,0,0
1962 FIFA Men's World Cup,1962,final,1962-06-17,Brazil,3,Czechoslovakia,1,1
1966 FIFA Men's World Cup,1966,Group 1,1966-07-11,England,0,Uruguay,0,0
1966 FIFA Men's World Cup,1966,Group 2,1966-07-12,West Germany,5,Switzerland,0,1
1966 FIFA Men's World Cup,1966,Group 3,1966-07-12,Brazil,2,Bulgaria,0,1
1966 FIFA Men's World Cup,1966,Group 4,1966-07-12,Soviet Union,3,North Korea,0,1
1966 FIFA Men's World Cup,1966,Group 1,1966-07-13,France,1,Mexico,1,1
1966 FIFA Men's World Cup,1966,Group 2,1966-07-13,Argentina,2,Spain,1,1
1966 FIFA Men's World Cup,1966,Group 3,1966-07-13,Portugal,3,Hungary,1,1
1966 FIFA Men's World Cup,1966,Group 4,1966-07-13,Italy,2,Chile,0,1
1966 FIFA Men's World Cup,1966,Group 1,1966-07-15,Uruguay,2,France,1,1
1966 FIFA Men's World Cup,1966,Group 2,1966-07-15,Spain,2,Switzerland,1,1
1966 FIFA Men's World Cup,1966,Group 3,1966-07-15,Hungary,3,Brazil,1,1
1966 FIFA Men's World Cup,1966,Group 4,1966-07-15,Chile,1,North Korea,1,1
1966 FIFA Men's World Cup,1966,Group 1,1966-07-16,England,2,Mexico,0,0
1966 FIFA Men's World Cup,1966,Group 2,1966-07-16,Argentina,0,West Germany,0,1
1966 FIFA Men's World Cup,1966,Group 3,1966-07-16,Portugal,3,Bulgaria,0,1
1966 FIFA Men's World Cup,1966,Group 4,1966-07-16,Soviet Union,1,Italy,0,1
1966 FIFA Men's World Cup,1966,Group 1,1966-07-19,Mexico,0,Uruguay,0,1
1966 FIFA Men's World Cup,1966,Group 2,1966-07-19,Argentina,2,Switzerland,0,1
1966 FIFA Men's World Cup,1966,Group 3,1966-07-19,Portugal,3,Brazil,1,1
1966 FIFA Men's World Cup,1966,Group 4,1966-07-19,North Korea,1,Italy,0,1
1966 FIFA Men's World Cup,1966,Group 1,1966-07-20,England,2,France,0,0
1966 FIFA Men's World Cup,1966,Group 2,1966-07-20,West Germany,2,Spain,1,1
1966 FIFA Men's World Cup,1966,Group 3,1966-07-20,Hungary,3,Bulgaria,1,1
1966 FIFA Men's World Cup,1966,Group 4,1966-07-20,Soviet Union,2,Chile,1,1
1966 FIFA Men's World Cup,1966,quarter-finals,1966-07-23,England,1,Argentina,0,0
1966 FIFA Men's World Cup,1966,quarter-finals,1966-07-23,Portugal,5,North Korea,3,1
1966 FIFA Men's World Cup,1966,quarter-finals,1966-07-23,Soviet Union,2,Hungary,1,1
1966 FIFA Men's World Cup,1966,quarter-finals,1966-07-23,West Germany,4,Uruguay,0,1
1966 FIFA Men's World Cup,1966,semi-finals,1966-07-25,West Germany,2,Soviet Union,1,1
1966 FIFA Men's World Cup,1966,semi-finals,1966-07-26,England,2,Portugal,1,0
1966 FIFA Men's World Cup,1966,third-place match,1966-07-28,Portugal,2,Soviet Union,1,1
1966 FIFA Men's World Cup,1966,final,1966-07-30,England,4,West Germany,2,0
1970 FIFA Men's World Cup,1970,Group 1,1970-05-31,Mexico,0,Soviet Union,0,0
1970 FIFA Men's World Cup,1970,Group 2,1970-06-02,Uruguay,2,Israel,0,1
1970 FIFA Men's World Cup,1970,Group 3,1970-06-02,England,1,Romania,0,1
1970 FIFA Men's World Cup,1970,Group 4,1970-06-02,Peru,3,Bulgaria,2,1
1970 FIFA Men's World Cup,1970,Group 1,1970-06-03,Belgium,3,El Salvador,0,1
1970 FIFA Men's World Cup,1970,Group 2,1970-06-03,Italy,1,Sweden,0,1
1970 FIFA Men's World Cup,1970,Group 3,1970-06-03,Brazil,4,Czechoslovakia,1,1
1970 FIFA Men's World Cup,1970,Group 4,1970-06-03,West Germany,2,Morocco,1,1
1970 FIFA Men's World Cup,1970,Group 1,1970-06-06,Soviet Union,4,Belgium,1,1
1970 FIFA Men's World Cup,1970,Group 2,1970-06-06,Uruguay,0,Italy,0,1
1970 FIFA Men's World Cup,1970,Group 3,1970-06-06,Romania,2,Czechoslovakia,1,1
1970 FIFA Men's World Cup,1970,Group 4,1970-06-06,Peru,3,Morocco,0,1
1970 FIFA Men's World Cup,1970,Group 1,1970-06-07,Mexico,4,El Salvador,0,0
1970 FIFA Men's World Cup,1970,Group 2,1970-06-07,Sweden,1,Israel,1,1
1970 FIFA Men's World Cup,1970,Group 3,1970-06-07,Brazil,1,England,0,1
1970 FIFA Men's World Cup,1970,Group 4,1970-06-07,West Germany,5,Bulgaria,2,1
1970 FIFA Men's World Cup,1970,Group 1,1970-06-10,Soviet Union,2,El Salvador,0,1
1970 FIFA Men's World Cup,1970,Group 2,1970-06-10,Sweden,1,Uruguay,0,1
1970 FIFA Men's World Cup,1970,Group 3,1970-06-10,Brazil,3,Romania,2,1
1970 FIFA Men's World Cup,1970,Group 4,1970-06-10,West Germany,3,Peru,1,1
1970 FIFA Men's World Cup,1970,Group 1,1970-06-11,Mexico,1,Belgium,0,0
1970 FIFA Men's World Cup,1970,Group 2,1970-06-11,Italy,0,Israel,0,1
1970 FIFA Men's World Cup,1970,Group 3,1970-06-11,England,1,Czechoslovakia,0,1
1970 FIFA Men's World Cup,1970,Group 4,1970-06-11,Bulgaria,1,Morocco,1,1
1970 FIFA Men's World Cup,1970,quarter-finals,1970-06-14,Brazil,4,Peru,2,1
1970 FIFA Men's World Cup,1970,quarter-finals,1970-06-14,Italy,4,Mexico,1,1
1970 FIFA Men's World Cup,1970,quarter-finals,1970-06-14,Soviet Union,0,Uruguay,1,1
1970 FIFA Men's World Cup,1970,quarter-finals,1970-06-14,West Germany,3,England,2,1
1970 FIFA Men's World Cup,1970,semi-finals,1970-06-17,Brazil,3,Uruguay,1,1
1970 FIFA Men's World Cup,1970,semi-finals,1970-06-17,Italy,4,West Germany,3,1
1970 FIFA Men's World Cup,1970,third-place match,1970-06-20,West Germany,1,Uruguay,0,1
1970 FIFA Men's World Cup,1970,final,1970-06-21,Brazil,4,Italy,1,1
1974 FIFA Men's World Cup,1974,Group 2,1974-06-13,Brazil,0,Yugoslavia,0,1
1974 FIFA Men's World Cup,1974,Group 1,1974-06-14,East Germany,2,Australia,0,1
1974 FIFA Men's World Cup,1974,Group 1,1974-06-14,West Germany,1,Chile,0,1
1974 FIFA Men's World Cup,1974,Group 2,1974-06-14,Zaire,0,Scotland,2,1
1974 FIFA Men's World Cup,1974,Group 3,1974-06-15,Sweden,0,Bulgaria,0,1
1974 FIFA Men's World Cup,1974,Group 3,1974-06-15,Uruguay,0,Netherlands,2,1
1974 FIFA Men's World Cup,1974,Group 4,1974-06-15,Italy,3,Haiti,1,1
1974 FIFA Men's World Cup,1974,Group 4,1974-06-15,Poland,3,Argentina,2,1
1974 FIFA Men's World Cup,1974,Group 1,1974-06-18,Australia,0,West Germany,3,1
1974 FIFA Men's World Cup,1974,Group 1,1974-06-18,Chile,1,East Germany,1,1
1974 FIFA Men's World Cup,1974,Group 2,1974-06-18,Scotland,0,Brazil,0,1
1974 FIFA Men's World Cup,1974,Group 2,1974-06-18,Yugoslavia,9,Zaire,0,1
1974 FIFA Men's World Cup,1974,Group 3,1974-06-19,Bulgaria,1,Uruguay,1,1
1974 FIFA Men's World Cup,1974,Group 3,1974-06-19,Netherlands,0,Sweden,0,1
1974 FIFA Men's World Cup,1974,Group 4,1974-06-19,Argentina,1,Italy,1,1
1974 FIFA Men's World Cup,1974,Group 4,1974-06-19,Haiti,0,Poland,7,1
1974 FIFA Men's World Cup,1974,Group 1,1974-06-22,Australia,0,Chile,0,1
1974 FIFA Men's World Cup,1974,Group 1,1974-06-22,East Germany,1,West Germany,0,1
1974 FIFA Men's World Cup,1974,Group 2,1974-06-22,Scotland,1,Yugoslavia,1,1
1974 FIFA Men's World Cup,1974,Group 2,1974-06-22,Zaire,0,Brazil,3,1
1974 FIFA Men's World Cup,1974,Group 3,1974-06-23,Bulgaria,1,Netherlands,4,1
1974 FIFA Men's World Cup,1974,Group 3,1974-06-23,Sweden,3,Uruguay,0,1
1974 FIFA Men's World Cup,1974,Group 4,1974-06-23,Argentina,4,Haiti,1,1
1974 FIFA Men's World Cup,1974,Group 4,1974-06-23,Poland,2,Italy,1,1
1974 FIFA Men's World Cup,1974,Group A,1974-06-26,Brazil,1,East Germany,0,1
1974 FIFA Men's World Cup,1974,Group A,1974-06-26,Netherlands,4,Argentina,0,1
1974 FIFA Men's World Cup,1974,Group B,1974-06-26,Sweden,0,Poland,1,1
1974 FIFA Men's World Cup,1974,Group B,1974-06-26,Yugoslavia,0,West Germany,2,1
1974 FIFA Men's World Cup,1974,Group A,1974-06-30,Argentina,1,Brazil,2,1
1974 FIFA Men's World Cup,1974,Group A,1974-06-30,East Germany,0,Netherlands,2,1
1974 FIFA Men's World Cup,1974,Group B,1974-06-30,Poland,2,Yugoslavia,1,1
1974 FIFA Men's World Cup,1974,Group B,1974-06-30,West Germany,4,Sweden,2,1
1974 FIFA Men's World Cup,1974,Group A,1974-07-03,Argentina,1,East Germany,1,1
1974 FIFA Men's World Cup,1974,Group A,1974-07-03,Netherlands,2,Brazil,0,1
1974 FIFA Men's World Cup,1974,Group B,1974-07-03,Poland,0,West Germany,1,1
1974 FIFA Men's World Cup,1974,Group B,1974-07-03,Sweden,2,Yugoslavia,1,1
1974 FIFA Men's World Cup,1974,third-place match,1974-07-06,Brazil,0,Poland,1,1
1974 FIFA Men's World Cup,1974,final,1974-07-07,Netherlands,1,West Germany,2,1
1978 FIFA Men's World Cup,1978,Group 2,1978-06-01,West Germany,0,Poland,0,1
1978 FIFA Men's World Cup,1978,Group 1,1978-06-02,Argentina,2,Hungary,1,0
1978 FIFA Men's World Cup,1978,Group 1,1978-06-02,Italy,2,France,1,1
1978 FIFA Men's World Cup,1978,Group 2,1978-06-02,Tunisia,3,Mexico,1,1
1978 FIFA Men's World Cup,1978,Group 3,1978-06-03,Austria,2,Spain,1,1
1978 FIFA Men's World Cup,1978,Group 3,1978-06-03,Brazil,1,Sweden,1,1
1978 FIFA Men's World Cup,1978,Group 4,1978-06-03,Netherlands,3,Iran,0,1
1978 FIFA Men's World Cup,1978,Group 4,1978-06-03,Peru,3,Scotland,1,1
1978 FIFA Men's World Cup,1978,Group 1,1978-06-06,Argentina,2,France,1,0
1978 FIFA Men's World Cup,1978,Group 1,1978-06-06,Italy,3,Hungary,1,1
1978 FIFA Men's World Cup,1978,Group 2,1978-06-06,Poland,1,Tunisia,0,1
1978 FIFA Men's World Cup,1978,Group 2,1978-06-06,West Germany,6,Mexico,0,1
1978 FIFA Men's World Cup,1978,Group 3,1978-06-07,Austria,1,Sweden,0,1
1978 FIFA Men's World Cup,1978,Group 3,1978-06-07,Brazil,0,Spain,0,1
1978 FIFA Men's World Cup,1978,Group 4,1978-06-07,Netherlands,0,Peru,0,1
1978 FIFA Men's World Cup,1978,Group 4,1978-06-07,Scotland,1,Iran,1,1
1978 FIFA Men's World Cup,1978,Group 1,1978-06-10,Argentina,0,Italy,1,0
1978 FIFA Men's World Cup,1978,Group 1,1978-06-10,France,3,Hungary,1,1
1978 FIFA Men's World Cup,1978,Group 2,1978-06-10,Poland,3,Mexico,1,1
1978 FIFA Men's World Cup,1978,Group 2,1978-06-10,West Germany,0,Tunisia,0,1
1978 FIFA Men's World Cup,1978,Group 3,1978-06-11,Brazil,1,Austria,0,1
1978 FIFA Men's World Cup,1978,Group 3,1978-06-11,Spain,1,Sweden,0,1
1978 FIFA Men's World Cup,1978,Group 4,1978-06-11,Peru,4,Iran,1,1
1978 FIFA Men's World Cup,1978,Group 4,1978-06-11,Scotland,3,Netherlands,2,1
1978 FIFA Men's World Cup,1978,Group A,1978-06-14,Austria,1,Netherlands,5,1
1978 FIFA Men's World Cup,1978,Group A,1978-06-14,Italy,0,West Germany,0,1
1978 FIFA Men's World Cup,1978,Group B,1978-06-14,Argentina,2,Poland,0,0
1978 FIFA Men's World Cup,1978,Group B,1978-06-14,Brazil,3,Peru,0,1
1978 FIFA Men's World Cup,1978,Group A,1978-06-18,Italy,1,Austria,0,1
1978 FIFA Men's World Cup,1978,Group A,1978-06-18,Netherlands,2,West Germany,2,1
1978 FIFA Men's World Cup,1978,Group B,1978-06-18,Argentina,0,Brazil,0,0
1978 FIFA Men's World Cup,1978,Group B,1978-06-18,Peru,0,Poland,1,1
1978 FIFA Men's World Cup,1978,Group A,1978-06-21,Austria,3,West Germany,2,1
1978 FIFA Men's World Cup,1978,Group A,1978-06-21,Italy,1,Netherlands,2,1
1978 FIFA Men's World Cup,1978,Group B,1978-06-21,Argentina,6,Peru,0,0
1978 FIFA Men's World Cup,1978,Group B,1978-06-21,Brazil,3,Poland,1,1
1978 FIFA Men's World Cup,1978,third-place match,1978-06-24,Brazil,2,Italy,1,1
1978 FIFA Men's World Cup,1978,final,1978-06-25,Argentina,3,Netherlands,1,0
1982 FIFA Men's World Cup,1982,Group 3,1982-06-13,Argentina,0,Belgium,1,1
1982 FIFA Men's World Cup,1982,Group 1,1982-06-14,Italy,0,Poland,0,1
1982 FIFA Men's World Cup,1982,Group 6,1982-06-14,Brazil,2,Soviet Union,1,1
1982 FIFA Men's World Cup,1982,Group 1,1982-06-15,Peru,0,Cameroon,0,1
1982 FIFA Men's World Cup,1982,Group 3,1982-06-15,Hungary,10,El Salvador,1,1
1982 FIFA Men's World Cup,1982,Group 6,1982-06-15,Scotland,5,New Zealand,2,1
1982 FIFA Men's World Cup,1982,Group 2,1982-06-16,West Germany,1,Algeria,2,1
1982 FIFA Men's World Cup,1982,Group 4,1982-06-16,England,3,France,1,1
1982 FIFA Men's World Cup,1982,Group 5,1982-06-16,Spain,1,Honduras,1,0
1982 FIFA Men's World Cup,1982,Group 2,1982-06-17,Chile,0,Austria,1,1
1982 FIFA Men's World Cup,1982,Group 4,1982-06-17,Czechoslovakia,1,Kuwait,1,1
1982 FIFA Men's World Cup,1982,Group 5,1982-06-17,Yugoslavia,0,Northern Ireland,0,1
1982 FIFA Men's World Cup,1982,Group 1,1982-06-18,Italy,1,Peru,1,1
1982 FIFA Men's World Cup,1982,Group 3,1982-06-18,Argentina,4,Hungary,1,1
1982 FIFA Men's World Cup,1982,Group 6,1982-06-18,Brazil,4,Scotland,1,1
1982 FIFA Men's World Cup,1982,Group 1,1982-06-19,Poland,0,Cameroon,0,1
1982 FIFA Men's World Cup,1982,Group 3,1982-06-19,Belgium,1,El Salvador,0,1
1982 FIFA Men's World Cup,1982,Group 6,1982-06-19,Soviet Union,3,New Zealand,0,1
1982 FIFA Men's World Cup,1982,Group 2,1982-06-20,West Germany,4,Chile,1,1
1982 FIFA Men's World Cup,1982,Group 4,1982-06-20,England,2,Czechoslovakia,0,1
1982 FIFA Men's World Cup,1982,Group 5,1982-06-20,Spain,2,Yugoslavia,1,0
1982 FIFA Men's World Cup,1982,Group 2,1982-06-21,Algeria,0,Austria,2,1
1982 FIFA Men's World Cup,1982,Group 4,1982-06-21,France,4,Kuwait,1,1
1982 FIFA Men's World Cup,1982,Group 5,1982-06-21,Honduras,1,Northern Ireland,1,1
1982 FIFA Men's World Cup,1982,Group 1,1982-06-22,Poland,5,Peru,1,1
1982 FIFA Men's World Cup,1982,Group 3,1982-06-22,Belgium,1,Hungary,1,1
1982 FIFA Men's World Cup,1982,Group 6,1982-06-22,Soviet Union,2,Scotland,2,1
1982 FIFA Men's World Cup,1982,Group 1,1982-06-23,Italy,1,Cameroon,1,1
1982 FIFA Men's World Cup,1982,Group 3,1982-06-23,Argentina,2,El Salvador,0,1
1982 FIFA Men's World Cup,1982,Group 6,1982-06-23,Brazil,4,New Zealand,0,1
1982 FIFA Men's World Cup,1982,Group 2,1982-06-24,Algeria,3,Chile,2,1
1982 FIFA Men's World Cup,1982,Group 4,1982-06-24,France,1,Czechoslovakia,1,1
1982 FIFA Men's World Cup,1982,Group 5,1982-06-24,Honduras,0,Yugoslavia,1,1
1982 FIFA Men's World Cup,1982,Group 2,1982-06-25,West Germany,1,Austria,0,1
1982 FIFA Men's World Cup,1982,Group 4,1982-06-25,England,1,Kuwait,0,1
1982 FIFA Men's World Cup,1982,Group 5,1982-06-25,Spain,0,Northern Ireland,1,0
1982 FIFA Men's World Cup,1982,Group 1,1982-06-28,Poland,3,Belgium,0,1
1982 FIFA Men's World Cup,1982,Group 4,1982-06-28,Austria,0,France,1,1
1982 FIFA Men's World Cup,1982,Group 2,1982-06-29,West Germany,0,England,0,1
1982 FIFA Men's World Cup,1982,Group 3,1982-06-29,Italy,2,Argentina,1,1
1982 FIFA Men's World Cup,1982,Group 1,1982-07-01,Belgium,0,Soviet Union,1,1
1982 FIFA Men's World Cup,1982,Group 4,1982-07-01,Austria,2,Northern Ireland,2,1
1982 FIFA Men's World Cup,1982,Group 2,1982-07-02,West Germany,2,Spain,1,1
1982 FIFA Men's World Cup,1982,Group 3,1982-07-02,Argentina,1,Brazil,3,1
1982 FIFA Men's World Cup,1982,Group 1,1982-07-04,Soviet Union,0,Poland,0,1
1982 FIFA Men's World Cup,1982,Group 4,1982-07-04,France,4,Northern Ireland,1,1
1982 FIFA Men's World Cup,1982,Group 2,1982-07-05,Spain,0,England,0,0
1982 FIFA Men's World Cup,1982,Group 3,1982-07-05,Italy,3,Brazil,2,1
1982 FIFA Men's World Cup,1982,semi-finals,1982-07-08,Poland,0,Italy,2,1
1982 FIFA Men's World Cup,1982,semi-finals,1982-07-08,West Germany,3,France,3,1
1982 FIFA Men's World Cup,1982,third-place match,1982-07-10,Poland,3,France,2,1
1982 FIFA Men's World Cup,1982,final,1982-07-11,Italy,3,West Germany,1,1
1986 FIFA Men's World Cup,1986,Group A,1986-05-31,Bulgaria,1,Italy,1,1
1986 FIFA Men's World Cup,1986,Group C,1986-06-01,Canada,0,France,1,1
1986 FIFA Men's World Cup,1986,Group D,1986-06-01,Spain,0,Brazil,1,1
1986 FIFA Men's World Cup,1986,Group A,1986-06-02,Argentina,3,South Korea,1,1
1986 FIFA Men's World Cup,1986,Group C,1986-06-02,Soviet Union,6,Hungary,0,1
1986 FIFA Men's World Cup,1986,Group F,1986-06-02,Morocco,0,Poland,0,1
1986 FIFA Men's World Cup,1986,Group B,1986-06-03,Belgium,1,Mexico,2,1
1986 FIFA Men's World Cup,1986,Group D,1986-06-03,Algeria,1,Northern Ireland,1,1
1986 FIFA Men's World Cup,1986,Group F,1986-06-03,Portugal,1,England,0,1
1986 FIFA Men's World Cup,1986,Group B,1986-06-04,Paraguay,1,Iraq,0,1
1986 FIFA Men's World Cup,1986,Group E,1986-06-04,Scotland,0,Denmark,1,1
1986 FIFA Men's World Cup,1986,Group E,1986-06-04,Uruguay,1,West Germany,1,1
1986 FIFA Men's World Cup,1986,Group A,1986-06-05,Italy,1,Argentina,1,1
1986 FIFA Men's World Cup,1986,Group A,1986-06-05,South Korea,1,Bulgaria,1,1
1986 FIFA Men's World Cup,1986,Group C,1986-06-05,France,1,Soviet Union,1,1
1986 FIFA Men's World Cup,1986,Group C,1986-06-06,Hungary,2,Canada,0,1
1986 FIFA Men's World Cup,1986,Group D,1986-06-06,Brazil,1,Algeria,0,1
1986 FIFA Men's World Cup,1986,Group F,1986-06-06,England,0,Morocco,0,1
1986 FIFA Men's World Cup,1986,Group B,1986-06-07,Mexico,1,Paraguay,1,0
1986 FIFA Men's World Cup,1986,Group D,1986-06-07,Northern Ireland,1,Spain,2,1
1986 FIFA Men's World Cup,1986,Group F,1986-06-07,Poland,1,Portugal,0,1
1986 FIFA Men's World Cup,1986,Group B,1986-06-08,Iraq,1,Belgium,2,1
1986 FIFA Men's World Cup,1986,Group E,1986-06-08,Denmark,6,Uruguay,1,1
1986 FIFA Men's World Cup,1986,Group E,1986-06-08,West Germany,2,Scotland,1,1
1986 FIFA Men's World Cup,1986,Group C,1986-06-09,Hungary,0,France,3,1
1986 FIFA Men's World Cup,1986,Group C,1986-06-09,Soviet Union,2,Canada,0,1
1986 FIFA Men's World Cup,1986,Group A,1986-06-10,Argentina,2,Bulgaria,0,1
1986 FIFA Men's World Cup,1986,Group A,1986-06-10,South Korea,2,Italy,3,1
1986 FIFA Men's World Cup,1986,Group B,1986-06-11,Iraq,0,Mexico,1,1
1986 FIFA Men's World Cup,1986,Group B,1986-06-11,Paraguay,2,Belgium,2,1
1986 FIFA Men's World Cup,1986,Group F,1986-06-11,England,3,Poland,0,1
1986 FIFA Men's World Cup,1986,Group F,1986-06-11,Portugal,1,Morocco,3,1
1986 FIFA Men's World Cup,1986,Group D,1986-06-12,Algeria,0,Spain,3,1
1986 FIFA Men's World Cup,1986,Group D,1986-06-12,Northern Ireland,0,Brazil,3,1
1986 FIFA Men's World Cup,1986,Group E,1986-06-13,Denmark,2,West Germany,0,1
1986 FIFA Men's World Cup,1986,Group E,1986-06-13,Scotland,0,Uruguay,0,1
1986 FIFA Men's World Cup,1986,round of 16,1986-06-15,Mexico,2,Bulgaria,0,0
1986 FIFA Men's World Cup,1986,round of 16,1986-06-15,Soviet Union,3,Belgium,4,1
1986 FIFA Men's World Cup,1986,round of 16,1986-06-16,Argentina,1,Uruguay,0,1
1986 FIFA Men's World Cup,1986,round of 16,1986-06-16,Brazil,4,Poland,0,1
1986 FIFA Men's World Cup,1986,round of 16,1986-06-17,Italy,0,France,2,1
1986 FIFA Men's World Cup,1986,round of 16,1986-06-17,Morocco,0,West Germany,1,1
1986 FIFA Men's World Cup,1986,round of 16,1986-06-18,Denmark,1,Spain,5,1
1986 FIFA Men's World Cup,1986,round of 16,1986-06-18,England,3,Paraguay,0,1
1986 FIFA Men's World Cup,1986,quarter-finals,1986-06-21,Brazil,1,France,1,1
1986 FIFA Men's World Cup,1986,quarter-finals,1986-06-21,West Germany,0,Mexico,0,1
1986 FIFA Men's World Cup,1986,quarter-finals,1986-06-22,Argentina,2,England,1,1
1986 FIFA Men's World Cup,1986,quarter-finals,1986-06-22,Spain,1,Belgium,1,1
1986 FIFA Men's World Cup,1986,semi-finals,1986-06-25,Argentina,2,Belgium,0,1
1986 FIFA Men's World Cup,1986,semi-finals,1986-06-25,France,0,West Germany,2,1
1986 FIFA Men's World Cup,1986,third-place match,1986-06-28,Belgium,2,France,4,1
1986 FIFA Men's World Cup,1986,final,1986-06-29,Argentina,3,West Germany,2,1
1990 FIFA Men's World Cup,1990,Group B,1990-06-08,Argentina,0,Cameroon,1,1
1990 FIFA Men's World Cup,1990,Group A,1990-06-09,Italy,1,Austria,0,0
1990 FIFA Men's World Cup,1990,Group B,1990-06-09,Soviet Union,0,Romania,2,1
1990 FIFA Men's World Cup,1990,Group D,1990-06-09,United Arab Emirates,0,Colombia,2,1
1990 FIFA Men's World Cup,1990,Group A,1990-06-10,United States,1,Czechoslovakia,5,1
1990 FIFA Men's World Cup,1990,Group C,1990-06-10,Brazil,2,Sweden,1,1
1990 FIFA Men's World Cup,1990,Group D,1990-06-10,West Germany,4,Yugoslavia,1,1
1990 FIFA Men's World Cup,1990,Group C,1990-06-11,Costa Rica,1,Scotland,0,1
1990 FIFA Men's World Cup,1990,Group F,1990-06-11,England,1,Republic of Ireland,1,1
1990 FIFA Men's World Cup,1990,Group E,1990-06-12,Belgium,2,South Korea,0,1
1990 FIFA Men's World Cup,1990,Group F,1990-06-12,Netherlands,1,Egypt,1,1
1990 FIFA Men's World Cup,1990,Group B,1990-06-13,Argentina,2,Soviet Union,0,1
1990 FIFA Men's World Cup,1990,Group E,1990-06-13,Uruguay,0,Spain,0,1
1990 FIFA Men's World Cup,1990,Group A,1990-06-14,Italy,1,United States,0,0
1990 FIFA Men's World Cup,1990,Group B,1990-06-14,Cameroon,2,Romania,1,1
1990 FIFA Men's World Cup,1990,Group D,1990-06-14,Yugoslavia,1,Colombia,0,1
1990 FIFA Men's World Cup,1990,Group A,1990-06-15,Austria,0,Czechoslovakia,1,1
1990 FIFA Men's World Cup,1990,Group D,1990-06-15,West Germany,5,United Arab Emirates,1,1
1990 FIFA Men's World Cup,1990,Group C,1990-06-16,Brazil,1,Costa Rica,0,1
1990 FIFA Men's World Cup,1990,Group C,1990-06-16,Sweden,1,Scotland,2,1
1990 FIFA Men's World Cup,1990,Group F,1990-06-16,England,0,Netherlands,0,1
1990 FIFA Men's World Cup,1990,Group E,1990-06-17,Belgium,3,Uruguay,1,1
1990 FIFA Men's World Cup,1990,Group E,1990-06-17,South Korea,1,Spain,3,1
1990 FIFA Men's World Cup,1990,Group F,1990-06-17,Republic of Ireland,0,Egypt,0,1
1990 FIFA Men's World Cup,1990,Group B,1990-06-18,Argentina,1,Romania,1,1
1990 FIFA Men's World Cup,1990,Group B,1990-06-18,Cameroon,0,Soviet Union,4,1
1990 FIFA Men's World Cup,1990,Group A,1990-06-19,Austria,2,United States,1,1
1990 FIFA Men's World Cup,1990,Group A,1990-06-19,Italy,2,Czechoslovakia,0,0
1990 FIFA Men's World Cup,1990,Group D,1990-06-19,West Germany,1,Colombia,1,1
1990 FIFA Men's World Cup,1990,Group D,1990-06-19,Yugoslavia,4,United Arab Emirates,1,1
1990 FIFA Men's World Cup,1990,Group C,1990-06-20,Brazil,1,Scotland,0,1
1990 FIFA Men's World Cup,1990,Group C,1990-06-20,Sweden,1,Costa Rica,2,1
1990 FIFA Men's World Cup,1990,Group E,1990-06-21,Belgium,1,Spain,2,1
1990 FIFA Men's World Cup,1990,Group E,1990-06-21,South Korea,0,Uruguay,1,1
1990 FIFA Men's World Cup,1990,Group F,1990-06-21,England,1,Egypt,0,1
1990 FIFA Men's World Cup,1990,Group F,1990-06-21,Republic of Ireland,1,Netherlands,1,1
1990 FIFA Men's World Cup,1990,round of 16,1990-06-23,Cameroon,2,Colombia,1,1
1990 FIFA Men's World Cup,1990,round of 16,1990-06-23,Czechoslovakia,4,Costa Rica,1,1
1990 FIFA Men's World Cup,1990,round of 16,1990-06-24,Brazil,0,Argentina,1,1
1990 FIFA Men's World Cup,1990,round of 16,1990-06-24,West Germany,2,Netherlands,1,1
1990 FIFA Men's World Cup,1990,round of 16,1990-06-25,Italy,2,Uruguay,0,0
1990 FIFA Men's World Cup,1990,round of 16,1990-06-25,Republic of Ireland,0,Romania,0,1
1990 FIFA Men's World Cup,1990,round of 16,1990-06-26,England,1,Belgium,0,1
1990 FIFA Men's World Cup,1990,round of 16,1990-06-26,Spain,1,Yugoslavia,2,1
1990 FIFA Men's World Cup,1990,quarter-finals,1990-06-30,Argentina,0,Yugoslavia,0,1
1990 FIFA Men's World Cup,1990,quarter-finals,1990-06-30,Republic of Ireland,0,Italy,1,1
1990 FIFA Men's World Cup,1990,quarter-finals,1990-07-01,Cameroon,2,England,3,1
1990 FIFA Men's World Cup,1990,quarter-finals,1990-07-01,Czechoslovakia,0,West Germany,1,1
1990 FIFA Men's World Cup,1990,semi-finals,1990-07-03,Argentina,1,Italy,1,1
1990 FIFA Men's World Cup,1990,semi-finals,1990-07-04,West Germany,1,England,1,1
1990 FIFA Men's World Cup,1990,third-place match,1990-07-07,Italy,2,England,1,0
1990 FIFA Men's World Cup,1990,final,1990-07-08,West Germany,1,Argentina,0,1
1991 FIFA Women's World Cup,1991,Group A,1991-11-16,China,4,Norway,0,0
1991 FIFA Women's World Cup,1991,Group A,1991-11-17,Denmark,3,New Zealand,0,1
1991 FIFA Women's World Cup,1991,Group B,1991-11-17,Japan,0,Brazil,1,1
1991 FIFA Women's World Cup,1991,Group B,1991-11-17,Sweden,2,United States,3,1
1991 FIFA Women's World Cup,1991,Group C,1991-11-17,Chinese Taipei,0,Italy,5,1
1991 FIFA Women's World Cup,1991,Group C,1991-11-17,Germany,4,Nigeria,0,1
1991 FIFA Women's World Cup,1991,Group A,1991-11-19,China,2,Denmark,2,0
1991 FIFA Women's World Cup,1991,Group A,1991-11-19,Norway,4,New Zealand,0,1
1991 FIFA Women's World Cup,1991,Group B,1991-11-19,Brazil,0,United States,5,1
1991 FIFA Women's World Cup,1991,Group B,1991-11-19,Japan,0,Sweden,8,1
1991 FIFA Women's World Cup,1991,Group C,1991-11-19,Chinese Taipei,0,Germany,3,1
1991 FIFA Women's World Cup,1991,Group C,1991-11-19,Italy,1,Nigeria,0,1
1991 FIFA Women's World Cup,1991,Group A,1991-11-21,China,4,New Zealand,1,0
1991 FIFA Women's World Cup,1991,Group A,1991-11-21,Norway,2,Denmark,1,1
1991 FIFA Women's World Cup,1991,Group B,1991-11-21,Brazil,0,Sweden,2,1
1991 FIFA Women's World Cup,1991,Group B,1991-11-21,Japan,0,United States,3,1
1991 FIFA Women's World Cup,1991,Group C,1991-11-21,Chinese Taipei,2,Nigeria,0,1
1991 FIFA Women's World Cup,1991,Group C,1991-11-21,Italy,0,Germany,2,1
1991 FIFA Women's World Cup,1991,quarter-final,1991-11-24,China,0,Sweden,1,0
1991 FIFA Women's World Cup,1991,quarter-final,1991-11-24,Denmark,1,Germany,2,1
1991 FIFA Women's World Cup,1991,quarter-final,1991-11-24,Norway,3,Italy,2,1
1991 FIFA Women's World Cup,1991,quarter-final,1991-11-24,United States,7,Chinese Taipei,0,1
1991 FIFA Women's World Cup,1991,semi-final,1991-11-27,Germany,2,United States,5,1
1991 FIFA Women's World Cup,1991,semi-final,1991-11-27,Sweden,1,Norway,4,1
1991 FIFA Women's World Cup,1991,third-place match,1991-11-29,Sweden,4,Germany,0,1
1991 FIFA Women's World Cup,1991,final,1991-11-30,Norway,1,United States,2,1
1994 FIFA Men's World Cup,1994,Group C,1994-06-17,Germany,1,Bolivia,0,1
1994 FIFA Men's World Cup,1994,Group C,1994-06-17,Spain,2,South Korea,2,1
1994 FIFA Men's World Cup,1994,Group A,1994-06-18,Colombia,1,Romania,3,1
1994 FIFA Men's World Cup,1994,Group A,1994-06-18,United States,1,Switzerland,1,0
1994 FIFA Men's World Cup,1994,Group E,1994-06-18,Italy,0,Republic of Ireland,1,1
1994 FIFA Men's World Cup,1994,Group B,1994-06-19,Cameroon,2,Sweden,2,1
1994 FIFA Men's World Cup,1994,Group E,1994-06-19,Norway,1,Mexico,0,1
1994 FIFA Men's World Cup,1994,Group F,1994-06-19,Belgium,1,Morocco,0,1
1994 FIFA Men's World Cup,1994,Group B,1994-06-20,Brazil,2,Russia,0,1
1994 FIFA Men's World Cup,1994,Group F,1994-06-20,Netherlands,2,Saudi Arabia,1,1
1994 FIFA Men's World Cup,1994,Group C,1994-06-21,Germany,1,Spain,1,1
1994 FIFA Men's World Cup,1994,Group D,1994-06-21,Argentina,4,Greece,0,1
1994 FIFA Men's World Cup,1994,Group D,1994-06-21,Nigeria,3,Bulgaria,0,1
1994 FIFA Men's World Cup,1994,Group A,1994-06-22,Romania,1,Switzerland,4,1
1994 FIFA Men's World Cup,1994,Group A,1994-06-22,United States,2,Colombia,1,0
1994 FIFA Men's World Cup,1994,Group C,1994-06-23,South Korea,0,Bolivia,0,1
1994 FIFA Men's World Cup,1994,Group E,1994-06-23,Italy,1,Norway,0,1
1994 FIFA Men's World Cup,1994,Group B,1994-06-24,Brazil,3,Cameroon,0,1
1994 FIFA Men's World Cup,1994,Group B,1994-06-24,Sweden,3,Russia,1,1
1994 FIFA Men's World Cup,1994,Group E,1994-06-24,Mexico,2,Republic of Ireland,1,1
1994 FIFA Men's World Cup,1994,Group D,1994-06-25,Argentina,2,Nigeria,1,1
1994 FIFA Men's World Cup,1994,Group F,1994-06-25,Belgium,1,Netherlands,0,1
1994 FIFA Men's World Cup,1994,Group F,1994-06-25,Saudi Arabia,2,Morocco,1,1
1994 FIFA Men's World Cup,1994,Group A,1994-06-26,Switzerland,0,Colombia,2,1
1994 FIFA Men's World Cup,1994,Group A,1994-06-26,United States,0,Romania,1,0
1994 FIFA Men's World Cup,1994,Group D,1994-06-26,Bulgaria,4,Greece,0,1
1994 FIFA Men's World Cup,1994,Group C,1994-06-27,Bolivia,1,Spain,3,1
1994 FIFA Men's World Cup,1994,Group C,1994-06-27,Germany,3,South Korea,2,1
1994 FIFA Men's World Cup,1994,Group B,1994-06-28,Brazil,1,Sweden,1,1
1994 FIFA Men's World Cup,1994,Group B,1994-06-28,Russia,6,Cameroon,1,1
1994 FIFA Men's World Cup,1994,Group E,1994-06-28,Italy,1,Mexico,1,1
1994 FIFA Men's World Cup,1994,Group E,1994-06-28,Republic of Ireland,0,Norway,0,1
1994 FIFA Men's World Cup,1994,Group F,1994-06-29,Belgium,0,Saudi Arabia,1,1
1994 FIFA Men's World Cup,1994,Group F,1994-06-29,Morocco,1,Netherlands,2,1
1994 FIFA Men's World Cup,1994,Group D,1994-06-30,Argentina,0,Bulgaria,2,1
1994 FIFA Men's World Cup,1994,Group D,1994-06-30,Greece,0,Nigeria,2,1
1994 FIFA Men's World Cup,1994,round of 16,1994-07-02,Germany,3,Belgium,2,1
1994 FIFA Men's World Cup,1994,round of 16,1994-07-02,Spain,3,Switzerland,0,1
1994 FIFA Men's World Cup,1994,round of 16,1994-07-03,Romania,3,Argentina,2,1
1994 FIFA Men's World Cup,1994,round of 16,1994-07-03,Saudi Arabia,1,Sweden,3,1
1994 FIFA Men's World Cup,1994,round of 16,1994-07-04,Brazil,1,United States,0,1
1994 FIFA Men's World Cup,1994,round of 16,1994-07-04,Netherlands,2,Republic of Ireland,0,1
1994 FIFA Men's World Cup,1994,round of 16,1994-07-05,Mexico,1,Bulgaria,1,1
1994 FIFA Men's World Cup,1994,round of 16,1994-07-05,Nigeria,1,Italy,2,1
1994 FIFA Men's World Cup,1994,quarter-finals,1994-07-09,Italy,2,Spain,1,1
1994 FIFA Men's World Cup,1994,quarter-finals,1994-07-09,Netherlands,2,Brazil,3,1
1994 FIFA Men's World Cup,1994,quarter-finals,1994-07-10,Bulgaria,2,Germany,1,1
1994 FIFA Men's World Cup,1994,quarter-finals,1994-07-10,Romania,2,Sweden,2,1
1994 FIFA Men's World Cup,1994,semi-finals,1994-07-13,Bulgaria,1,Italy,2,1
1994 FIFA Men's World Cup,1994,semi-finals,1994-07-13,Sweden,0,Brazil,1,1
1994 FIFA Men's World Cup,1994,third-place match,1994-07-16,Sweden,4,Bulgaria,0,1
1994 FIFA Men's World Cup,1994,final,1994-07-17,Brazil,0,Italy,0,1
1995 FIFA Women's World Cup,1995,Group A,1995-06-05,Germany,1,Japan,0,1
1995 FIFA Women's World Cup,1995,Group A,1995-06-05,Sweden,0,Brazil,1,0
1995 FIFA Women's World Cup,1995,Group B,1995-06-06,England,3,Canada,2,1
1995 FIFA Women's World Cup,1995,Group B,1995-06-06,Norway,8,Nigeria,0,1
1995 FIFA Women's World Cup,1995,Group C,1995-06-06,Denmark,5,Australia,0,1
1995 FIFA Women's World Cup,1995,Group C,1995-06-06,United States,3,China,3,1
1995 FIFA Women's World Cup,1995,Group A,1995-06-07,Brazil,1,Japan,2,1
1995 FIFA Women's World Cup,1995,Group A,1995-06-07,Sweden,3,Germany,2,0
1995 FIFA Women's World Cup,1995,Group B,1995-06-08,Nigeria,3,Canada,3,1
1995 FIFA Women's World Cup,1995,Group B,1995-06-08,Norway,2,England,0,1
1995 FIFA Women's World Cup,1995,Group C,1995-06-08,China,4,Australia,2,1
1995 FIFA Women's World Cup,1995,Group C,1995-06-08,United States,2,Denmark,0,1
1995 FIFA Women's World Cup,1995,Group A,1995-06-09,Brazil,1,Germany,6,1
1995 FIFA Women's World Cup,1995,Group A,1995-06-09,Sweden,2,Japan,0,0
1995 FIFA Women's World Cup,1995,Group B,1995-06-10,Nigeria,2,England,3,1
1995 FIFA Women's World Cup,1995,Group B,1995-06-10,Norway,7,Canada,0,1
1995 FIFA Women's World Cup,1995,Group C,1995-06-10,China,3,Denmark,1,1
1995 FIFA Women's World Cup,1995,Group C,1995-06-10,United States,4,Australia,1,1
1995 FIFA Women's World Cup,1995,quarter-final,1995-06-13,Germany,3,England,0,1
1995 FIFA Women's World Cup,1995,quarter-final,1995-06-13,Japan,0,United States,4,1
1995 FIFA Women's World Cup,1995,quarter-final,1995-06-13,Norway,3,Denmark,1,1
1995 FIFA Women's World Cup,1995,quarter-final,1995-06-13,Sweden,1,China,1,0
1995 FIFA Women's World Cup,1995,semi-final,1995-06-15,Germany,1,China,0,1
1995 FIFA Women's World Cup,1995,semi-final,1995-06-15,United States,0,Norway,1,1
1995 FIFA Women's World Cup,1995,third-place match,1995-06-17,China,0,United States,2,1
1995 FIFA Women's World Cup,1995,final,1995-06-18,Germany,0,Norway,2,1
1998 FIFA Men's World Cup,1998,Group A,1998-06-10,Brazil,2,Scotland,1,1
1998 FIFA Men's World Cup,1998,Group A,1998-06-10,Morocco,2,Norway,2,1
1998 FIFA Men's World Cup,1998,Group B,1998-06-11,Cameroon,1,Austria,1,1
1998 FIFA Men's World Cup,1998,Group B,1998-06-11,Italy,2,Chile,2,1
1998 FIFA Men's World Cup,1998,Group C,1998-06-12,France,3,South Africa,0,0
1998 FIFA Men's World Cup,1998,Group C,1998-06-12,Saudi Arabia,0,Denmark,1,1
1998 FIFA Men's World Cup,1998,Group D,1998-06-12,Paraguay,0,Bulgaria,0,1
1998 FIFA Men's World Cup,1998,Group D,1998-06-13,Spain,2,Nigeria,3,1
1998 FIFA Men's World Cup,1998,Group E,1998-06-13,Netherlands,0,Belgium,0,1
1998 FIFA Men's World Cup,1998,Group E,1998-06-13,South Korea,1,Mexico,3,1
1998 FIFA Men's World Cup,1998,Group F,1998-06-14,Yugoslavia,1,Iran,0,1
1998 FIFA Men's World Cup,1998,Group H,1998-06-14,Argentina,1,Japan,0,1
1998 FIFA Men's World Cup,1998,Group H,1998-06-14,Jamaica,1,Croatia,3,1
1998 FIFA Men's World Cup,1998,Group F,1998-06-15,Germany,2,United States,0,1
1998 FIFA Men's World Cup,1998,Group G,1998-06-15,England,2,Tunisia,0,1
1998 FIFA Men's World Cup,1998,Group G,1998-06-15,Romania,1,Colombia,0,1
1998 FIFA Men's World Cup,1998,Group A,1998-06-16,Brazil,3,Morocco,0,1
1998 FIFA Men's World Cup,1998,Group A,1998-06-16,Scotland,1,Norway,1,1
1998 FIFA Men's World Cup,1998,Group B,1998-06-17,Chile,1,Austria,1,1
1998 FIFA Men's World Cup,1998,Group B,1998-06-17,Italy,3,Cameroon,0,1
1998 FIFA Men's World Cup,1998,Group C,1998-06-18,France,4,Saudi Arabia,0,0
1998 FIFA Men's World Cup,1998,Group C,1998-06-18,South Africa,1,Denmark,1,1
1998 FIFA Men's World Cup,1998,Group D,1998-06-19,Nigeria,1,Bulgaria,0,1
1998 FIFA Men's World Cup,1998,Group D,1998-06-19,Spain,0,Paraguay,0,1
1998 FIFA Men's World Cup,1998,Group E,1998-06-20,Belgium,2,Mexico,2,1
1998 FIFA Men's World Cup,1998,Group E,1998-06-20,Netherlands,5,South Korea,0,1
1998 FIFA Men's World Cup,1998,Group H,1998-06-20,Japan,0,Croatia,1,1
1998 FIFA Men's World Cup,1998,Group F,1998-06-21,Germany,2,Yugoslavia,2,1
1998 FIFA Men's World Cup,1998,Group F,1998-06-21,United States,1,Iran,2,1
1998 FIFA Men's World Cup,1998,Group H,1998-06-21,Argentina,5,Jamaica,0,1
1998 FIFA Men's World Cup,1998,Group G,1998-06-22,Colombia,1,Tunisia,0,1
1998 FIFA Men's World Cup,1998,Group G,1998-06-22,Romania,2,England,1,1
1998 FIFA Men's World Cup,1998,Group A,1998-06-23,Brazil,1,Norway,2,1
1998 FIFA Men's World Cup,1998,Group A,1998-06-23,Scotland,0,Morocco,3,1
1998 FIFA Men's World Cup,1998,Group B,1998-06-23,Chile,1,Cameroon,1,1
1998 FIFA Men's World Cup,1998,Group B,1998-06-23,Italy,2,Austria,1,1
1998 FIFA Men's World Cup,1998,Group C,1998-06-24,France,2,Denmark,1,0
1998 FIFA Men's World Cup,1998,Group C,1998-06-24,South Africa,2,Saudi Arabia,2,1
1998 FIFA Men's World Cup,1998,Group D,1998-06-24,Nigeria,1,Paraguay,3,1
1998 FIFA Men's World Cup,1998,Group D,1998-06-24,Spain,6,Bulgaria,1,1
1998 FIFA Men's World Cup,1998,Group E,1998-06-25,Belgium,1,South Korea,1,1
1998 FIFA Men's World Cup,1998,Group E,1998-06-25,Netherlands,2,Mexico,2,1
1998 FIFA Men's World Cup,1998,Group F,1998-06-25,Germany,2,Iran,0,1
1998 FIFA Men's World Cup,1998,Group F,1998-06-25,United States,0,Yugoslavia,1,1
1998 FIFA Men's World Cup,1998,Group G,1998-06-26,Colombia,0,England,2,1
1998 FIFA Men's World Cup,1998,Group G,1998-06-26,Romania,1,Tunisia,1,1
1998 FIFA Men's World Cup,1998,Group H,1998-06-26,Argentina,1,Croatia,0,1
1998 FIFA Men's World Cup,1998,Group H,1998-06-26,Japan,1,Jamaica,2,1
1998 FIFA Men's World Cup,1998,round of 16,1998-06-27,Brazil,4,Chile,1,1
1998 FIFA Men's World Cup,1998,round of 16,1998-06-27,Italy,1,Norway,0,1
1998 FIFA Men's World Cup,1998,round of 16,1998-06-28,France,1,Paraguay,0,0
1998 FIFA Men's World Cup,1998,round of 16,1998-06-28,Nigeria,1,Denmark,4,1
1998 FIFA Men's World Cup,1998,round of 16,1998-06-29,Germany,2,Mexico,1,1
1998 FIFA Men's World Cup,1998,round of 16,1998-06-29,Netherlands,2,Yugoslavia,1,1
1998 FIFA Men's World Cup,1998,round of 16,1998-06-30,Argentina,2,England,2,1
1998 FIFA Men's World Cup,1998,round of 16,1998-06-30,Romania,0,Croatia,1,1
1998 FIFA Men's World Cup,1998,quarter-finals,1998-07-03,Brazil,3,Denmark,2,1
1998 FIFA Men's World Cup,1998,quarter-finals,1998-07-03,Italy,0,France,0,1
1998 FIFA Men's World Cup,1998,quarter-finals,1998-07-04,Germany,0,Croatia,3,1
1998 FIFA Men's World Cup,1998,quarter-finals,1998-07-04,Netherlands,2,Argentina,1,1
1998 FIFA Men's World Cup,1998,semi-finals,1998-07-07,Brazil,1,Netherlands,1,1
1998 FIFA Men's World Cup,1998,semi-finals,1998-07-08,France,2,Croatia,1,0
1998 FIFA Men's World Cup,1998,third-place match,1998-07-11,Netherlands,1,Croatia,2,1
1998 FIFA Men's World Cup,1998,final,1998-07-12,Brazil,0,France,3,1
1999 FIFA Women's World Cup,1999,Group A,1999-06-19,United States,3,Denmark,0,0
1999 FIFA Women's World Cup,1999,Group B,1999-06-19,Brazil,7,Mexico,1,1
1999 FIFA Women's World Cup,1999,Group C,1999-06-19,Japan,1,Canada,1,1
1999 FIFA Women's World Cup,1999,Group D,1999-06-19,China,2,Sweden,1,1
1999 FIFA Women's World Cup,1999,Group A,1999-06-20,North Korea,1,Nigeria,2,1
1999 FIFA Women's World Cup,1999,Group B,1999-06-20,Germany,1,Italy,1,1
1999 FIFA Women's World Cup,1999,Group C,1999-06-20,Norway,2,Russia,1,1
1999 FIFA Women's World Cup,1999,Group D,1999-06-20,Australia,1,Ghana,1,1
1999 FIFA Women's World Cup,1999,Group C,1999-06-23,Japan,0,Russia,5,1
1999 FIFA Women's World Cup,1999,Group C,1999-06-23,Norway,7,Canada,1,1
1999 FIFA Women's World Cup,1999,Group D,1999-06-23,Australia,1,Sweden,3,1
1999 FIFA Women's World Cup,1999,Group D,1999-06-23,China,7,Ghana,0,1
1999 FIFA Women's World Cup,1999,Group A,1999-06-24,North Korea,3,Denmark,1,1
1999 FIFA Women's World Cup,1999,Group A,1999-06-24,United States,7,Nigeria,1,0
1999 FIFA Women's World Cup,1999,Group B,1999-06-24,Brazil,2,Italy,0,1
1999 FIFA Women's World Cup,1999,Group B,1999-06-24,Germany,6,Mexico,0,1
1999 FIFA Women's World Cup,1999,Group C,1999-06-26,Canada,1,Russia,4,1
1999 FIFA Women's World Cup,1999,Group C,1999-06-26,Norway,4,Japan,0,1
1999 FIFA Women's World Cup,1999,Group D,1999-06-26,China,3,Australia,1,1
1999 FIFA Women's World Cup,1999,Group D,1999-06-26,Ghana,0,Sweden,2,1
1999 FIFA Women's World Cup,1999,Group A,1999-06-27,Nigeria,2,Denmark,0,1
1999 FIFA Women's World Cup,1999,Group A,1999-06-27,United States,3,North Korea,0,0
1999 FIFA Women's World Cup,1999,Group B,1999-06-27,Germany,3,Brazil,3,1
1999 FIFA Women's World Cup,1999,Group B,1999-06-27,Mexico,0,Italy,2,1
1999 FIFA Women's World Cup,1999,quarter-final,1999-06-30,China,2,Russia,0,1
1999 FIFA Women's World Cup,1999,quarter-final,1999-06-30,Norway,3,Sweden,1,1
1999 FIFA Women's World Cup,1999,quarter-final,1999-07-01,Brazil,4,Nigeria,3,1
1999 FIFA Women's World Cup,1999,quarter-final,1999-07-01,United States,3,Germany,2,0
1999 FIFA Women's World Cup,1999,semi-final,1999-07-04,Norway,0,China,5,1
1999 FIFA Women's World Cup,1999,semi-final,1999-07-04,United States,2,Brazil,0,0
1999 FIFA Women's World Cup,1999,final,1999-07-10,United States,0,China,0,0
1999 FIFA Women's World Cup,1999,third-place match,1999-07-10,Brazil,0,Norway,0,1
2002 FIFA Men's World Cup,2002,Group A,2002-05-31,France,0,Senegal,1,1
2002 FIFA Men's World Cup,2002,Group A,2002-06-01,Uruguay,1,Denmark,2,1
2002 FIFA Men's World Cup,2002,Group E,2002-06-01,Germany,8,Saudi Arabia,0,1
2002 FIFA Men's World Cup,2002,Group E,2002-06-01,Republic of Ireland,1,Cameroon,1,1
2002 FIFA Men's World Cup,2002,Group B,2002-06-02,Paraguay,2,South Africa,2,1
2002 FIFA Men's World Cup,2002,Group B,2002-06-02,Spain,3,Slovenia,1,1
2002 FIFA Men's World Cup,2002,Group F,2002-06-02,Argentina,1,Nigeria,0,1
2002 FIFA Men's World Cup,2002,Group F,2002-06-02,England,1,Sweden,1,1
2002 FIFA Men's World Cup,2002,Group C,2002-06-03,Brazil,2,Turkey,1,1
2002 FIFA Men's World Cup,2002,Group G,2002-06-03,Croatia,0,Mexico,1,1
2002 FIFA Men's World Cup,2002,Group G,2002-06-03,Italy,2,Ecuador,0,1
2002 FIFA Men's World Cup,2002,Group C,2002-06-04,China,0,Costa Rica,2,1
2002 FIFA Men's World Cup,2002,Group D,2002-06-04,South Korea,2,Poland,0,0
2002 FIFA Men's World Cup,2002,Group H,2002-06-04,Japan,2,Belgium,2,0
2002 FIFA Men's World Cup,2002,Group D,2002-06-05,United States,3,Portugal,2,1
2002 FIFA Men's World Cup,2002,Group E,2002-06-05,Germany,1,Republic of Ireland,1,1
2002 FIFA Men's World Cup,2002,Group H,2002-06-05,Russia,2,Tunisia,0,1
2002 FIFA Men's World Cup,2002,Group A,2002-06-06,Denmark,1,Senegal,1,1
2002 FIFA Men's World Cup,2002,Group A,2002-06-06,France,0,Uruguay,0,1
2002 FIFA Men's World Cup,2002,Group E,2002-06-06,Cameroon,1,Saudi Arabia,0,1
2002 FIFA Men's World Cup,2002,Group B,2002-06-07,Spain,3,Paraguay,1,1
2002 FIFA Men's World Cup,2002,Group F,2002-06-07,Argentina,0,England,1,1
2002 FIFA Men's World Cup,2002,Group F,2002-06-07,Sweden,2,Nigeria,1,1
2002 FIFA Men's World Cup,2002,Group B,2002-06-08,South Africa,1,Slovenia,0,1
2002 FIFA Men's World Cup,2002,Group C,2002-06-08,Brazil,4,China,0,1
2002 FIFA Men's World Cup,2002,Group G,2002-06-08,Italy,1,Croatia,2,1
2002 FIFA Men's World Cup,2002,Group C,2002-06-09,Costa Rica,1,Turkey,1,1
2002 FIFA Men's World Cup,2002,Group G,2002-06-09,Mexico,2,Ecuador,1,1
2002 FIFA Men's World Cup,2002,Group H,2002-06-09,Japan,1,Russia,0,0
2002 FIFA Men's World Cup,2002,Group D,2002-06-10,Portugal,4,Poland,0,1
2002 FIFA Men's World Cup,2002,Group D,2002-06-10,South Korea,1,United States,1,0
2002 FIFA Men's World Cup,2002,Group H,2002-06-10,Tunisia,1,Belgium,1,1
2002 FIFA Men's World Cup,2002,Group A,2002-06-11,Denmark,2,France,0,1
2002 FIFA Men's World Cup,2002,Group A,2002-06-11,Senegal,3,Uruguay,3,1
2002 FIFA Men's World Cup,2002,Group E,2002-06-11,Cameroon,0,Germany,2,1
2002 FIFA Men's World Cup,2002,Group E,2002-06-11,Saudi Arabia,0,Republic of Ireland,3,1
2002 FIFA Men's World Cup,2002,Group B,2002-06-12,Slovenia,1,Paraguay,3,1
2002 FIFA Men's World Cup,2002,Group B,2002-06-12,South Africa,2,Spain,3,1
2002 FIFA Men's World Cup,2002,Group F,2002-06-12,Nigeria,0,England,0,1
2002 FIFA Men's World Cup,2002,Group F,2002-06-12,Sweden,1,Argentina,1,1
2002 FIFA Men's World Cup,2002,Group C,2002-06-13,Costa Rica,2,Brazil,5,1
2002 FIFA Men's World Cup,2002,Group C,2002-06-13,Turkey,3,China,0,1
2002 FIFA Men's World Cup,2002,Group G,2002-06-13,Ecuador,1,Croatia,0,1
2002 FIFA Men's World Cup,2002,Group G,2002-06-13,Mexico,1,Italy,1,1
2002 FIFA Men's World Cup,2002,Group D,2002-06-14,Poland,3,United States,1,1
2002 FIFA Men's World Cup,2002,Group D,2002-06-14,Portugal,0,South Korea,1,1
2002 FIFA Men's World Cup,2002,Group H,2002-06-14,Belgium,3,Russia,2,1
2002 FIFA Men's World Cup,2002,Group H,2002-06-14,Tunisia,0,Japan,2,1
2002 FIFA Men's World Cup,2002,round of 16,2002-06-15,Denmark,0,England,3,1
2002 FIFA Men's World Cup,2002,round of 16,2002-06-15,Germany,1,Paraguay,0,1
2002 FIFA Men's World Cup,2002,round of 16,2002-06-16,Spain,1,Republic of Ireland,1,1
2002 FIFA Men's World Cup,2002,round of 16,2002-06-16,Sweden,1,Senegal,2,1
2002 FIFA Men's World Cup,2002,round of 16,2002-06-17,Brazil,2,Belgium,0,1
2002 FIFA Men's World Cup,2002,round of 16,2002-06-17,Mexico,0,United States,2,1
2002 FIFA Men's World Cup,2002,round of 16,2002-06-18,Japan,0,Turkey,1,0
2002 FIFA Men's World Cup,2002,round of 16,2002-06-18,South Korea,2,Italy,1,0
2002 FIFA Men's World Cup,2002,quarter-finals,2002-06-21,England,1,Brazil,2,1
2002 FIFA Men's World Cup,2002,quarter-finals,2002-06-21,Germany,1,United States,0,1
2002 FIFA Men's World Cup,2002,quarter-finals,2002-06-22,Senegal,0,Turkey,1,1
2002 FIFA Men's World Cup,2002,quarter-finals,2002-06-22,Spain,0,South Korea,0,1
2002 FIFA Men's World Cup,2002,semi-finals,2002-06-25,Germany,1,South Korea,0,1
2002 FIFA Men's World Cup,2002,semi-finals,2002-06-26,Brazil,1,Turkey,0,1
2002 FIFA Men's World Cup,2002,third-place match,2002-06-29,South Korea,2,Turkey,3,0
2002 FIFA Men's World Cup,2002,final,2002-06-30,Germany,0,Brazil,2,1
2003 FIFA Women's World Cup,2003,Group A,2003-09-20,Nigeria,0,North Korea,3,1
2003 FIFA Women's World Cup,2003,Group B,2003-09-20,Norway,2,France,0,1
2003 FIFA Women's World Cup,2003,Group C,2003-09-20,Germany,4,Canada,1,1
2003 FIFA Women's World Cup,2003,Group C,2003-09-20,Japan,6,Argentina,0,1
2003 FIFA Women's World Cup,2003,Group A,2003-09-21,United States,3,Sweden,1,0
2003 FIFA Women's World Cup,2003,Group B,2003-09-21,Brazil,3,South Korea,0,1
2003 FIFA Women's World Cup,2003,Group D,2003-09-21,Australia,1,Russia,2,1
2003 FIFA Women's World Cup,2003,Group D,2003-09-21,China,1,Ghana,0,1
2003 FIFA Women's World Cup,2003,Group B,2003-09-24,France,1,South Korea,0,1
2003 FIFA Women's World Cup,2003,Group B,2003-09-24,Norway,1,Brazil,4,1
2003 FIFA Women's World Cup,2003,Group C,2003-09-24,Canada,3,Argentina,0,1
2003 FIFA Women's World Cup,2003,Group C,2003-09-24,Germany,3,Japan,0,1
2003 FIFA Women's World Cup,2003,Group A,2003-09-25,Sweden,1,North Korea,0,1
2003 FIFA Women's World Cup,2003,Group A,2003-09-25,United States,5,Nigeria,0,0
2003 FIFA Women's World Cup,2003,Group D,2003-09-25,China,1,Australia,1,1
2003 FIFA Women's World Cup,2003,Group D,2003-09-25,Ghana,0,Russia,3,1
2003 FIFA Women's World Cup,2003,Group B,2003-09-27,France,1,Brazil,1,1
2003 FIFA Women's World Cup,2003,Group B,2003-09-27,South Korea,1,Norway,7,1
2003 FIFA Women's World Cup,2003,Group C,2003-09-27,Argentina,1,Germany,6,1
2003 FIFA Women's World Cup,2003,Group C,2003-09-27,Canada,3,Japan,1,1
2003 FIFA Women's World Cup,2003,Group A,2003-09-28,North Korea,0,United States,3,1
2003 FIFA Women's World Cup,2003,Group A,2003-09-28,Sweden,3,Nigeria,0,1
2003 FIFA Women's World Cup,2003,Group D,2003-09-28,China,1,Russia,0,1
2003 FIFA Women's World Cup,2003,Group D,2003-09-28,Ghana,2,Australia,1,1
2003 FIFA Women's World Cup,2003,quarter-final,2003-10-01,Brazil,1,Sweden,2,1
2003 FIFA Women's World Cup,2003,quarter-final,2003-10-01,United States,1,Norway,0,0
2003 FIFA Women's World Cup,2003,quarter-final,2003-10-02,China,0,Canada,1,1
2003 FIFA Women's World Cup,2003,quarter-final,2003-10-02,Germany,7,Russia,1,1
2003 FIFA Women's World Cup,2003,semi-final,2003-10-05,Sweden,2,Canada,1,1
2003 FIFA Women's World Cup,2003,semi-final,2003-10-05,United States,0,Germany,3,0
2003 FIFA Women's World Cup,2003,third-place match,2003-10-11,United States,3,Canada,1,0
2003 FIFA Women's World Cup,2003,final,2003-10-12,Germany,2,Sweden,1,1
2006 FIFA Men's World Cup,2006,Group A,2006-06-09,Germany,4,Costa Rica,2,0
2006 FIFA Men's World Cup,2006,Group A,2006-06-09,Poland,0,Ecuador,2,1
2006 FIFA Men's World Cup,2006,Group B,2006-06-10,England,1,Paraguay,0,1
2006 FIFA Men's World Cup,2006,Group B,2006-06-10,Trinidad and Tobago,0,Sweden,0,1
2006 FIFA Men's World Cup,2006,Group C,2006-06-10,Argentina,2,Ivory Coast,1,1
2006 FIFA Men's World Cup,2006,Group C,2006-06-11,Serbia and Montenegro,0,Netherlands,1,1
2006 FIFA Men's World Cup,2006,Group D,2006-06-11,Angola,0,Portugal,1,1
2006 FIFA Men's World Cup,2006,Group D,2006-06-11,Mexico,3,Iran,1,1
2006 FIFA Men's World Cup,2006,Group E,2006-06-12,Italy,2,Ghana,0,1
2006 FIFA Men's World Cup,2006,Group E,2006-06-12,United States,0,Czech Republic,3,1
2006 FIFA Men's World Cup,2006,Group F,2006-06-12,Australia,3,Japan,1,1
2006 FIFA Men's World Cup,2006,Group F,2006-06-13,Brazil,1,Croatia,0,1
2006 FIFA Men's World Cup,2006,Group G,2006-06-13,France,0,Switzerland,0,1
2006 FIFA Men's World Cup,2006,Group G,2006-06-13,South Korea,2,Togo,1,1
2006 FIFA Men's World Cup,2006,Group A,2006-06-14,Germany,1,Poland,0,0
2006 FIFA Men's World Cup,2006,Group H,2006-06-14,Spain,4,Ukraine,0,1
2006 FIFA Men's World Cup,2006,Group H,2006-06-14,Tunisia,2,Saudi Arabia,2,1
2006 FIFA Men's World Cup,2006,Group A,2006-06-15,Ecuador,3,Costa Rica,0,1
2006 FIFA Men's World Cup,2006,Group B,2006-06-15,England,2,Trinidad and Tobago,0,1
2006 FIFA Men's World Cup,2006,Group B,2006-06-15,Sweden,1,Paraguay,0,1
2006 FIFA Men's World Cup,2006,Group C,2006-06-16,Argentina,6,Serbia and Montenegro,0,1
2006 FIFA Men's World Cup,2006,Group C,2006-06-16,Netherlands,2,Ivory Coast,1,1
2006 FIFA Men's World Cup,2006,Group D,2006-06-16,Mexico,0,Angola,0,1
2006 FIFA Men's World Cup,2006,Group D,2006-06-17,Portugal,2,Iran,0,1
2006 FIFA Men's World Cup,2006,Group E,2006-06-17,Czech Republic,0,Ghana,2,1
2006 FIFA Men's World Cup,2006,Group E,2006-06-17,Italy,1,United States,1,1
2006 FIFA Men's World Cup,2006,Group F,2006-06-18,Brazil,2,Australia,0,1
2006 FIFA Men's World Cup,2006,Group F,2006-06-18,Japan,0,Croatia,0,1
2006 FIFA Men's World Cup,2006,Group G,2006-06-18,France,1,South Korea,1,1
2006 FIFA Men's World Cup,2006,Group G,2006-06-19,Togo,0,Switzerland,2,1
2006 FIFA Men's World Cup,2006,Group H,2006-06-19,Saudi Arabia,0,Ukraine,4,1
2006 FIFA Men's World Cup,2006,Group H,2006-06-19,Spain,3,Tunisia,1,1
2006 FIFA Men's World Cup,2006,Group A,2006-06-20,Costa Rica,1,Poland,2,1
2006 FIFA Men's World Cup,2006,Group A,2006-06-20,Ecuador,0,Germany,3,1
2006 FIFA Men's World Cup,2006,Group B,2006-06-20,Paraguay,2,Trinidad and Tobago,0,1
2006 FIFA Men's World Cup,2006,Group B,2006-06-20,Sweden,2,England,2,1
2006 FIFA Men's World Cup,2006,Group C,2006-06-21,Ivory Coast,3,Serbia and Montenegro,2,1
2006 FIFA Men's World Cup,2006,Group C,2006-06-21,Netherlands,0,Argentina,0,1
2006 FIFA Men's World Cup,2006,Group D,2006-06-21,Iran,1,Angola,1,1
2006 FIFA Men's World Cup,2006,Group D,2006-06-21,Portugal,2,Mexico,1,1
2006 FIFA Men's World Cup,2006,Group E,2006-06-22,Czech Republic,0,Italy,2,1
2006 FIFA Men's World Cup,2006,Group E,2006-06-22,Ghana,2,United States,1,1
2006 FIFA Men's World Cup,2006,Group F,2006-06-22,Croatia,2,Australia,2,1
2006 FIFA Men's World Cup,2006,Group F,2006-06-22,Japan,1,Brazil,4,1
2006 FIFA Men's World Cup,2006,Group G,2006-06-23,Switzerland,2,South Korea,0,1
2006 FIFA Men's World Cup,2006,Group G,2006-06-23,Togo,0,France,2,1
2006 FIFA Men's World Cup,2006,Group H,2006-06-23,Saudi Arabia,0,Spain,1,1
2006 FIFA Men's World Cup,2006,Group H,2006-06-23,Ukraine,1,Tunisia,0,1
2006 FIFA Men's World Cup,2006,round of 16,2006-06-24,Argentina,2,Mexico,1,1
2006 FIFA Men's World Cup,2006,round of 16,2006-06-24,Germany,2,Sweden,0,0
2006 FIFA Men's World Cup,2006,round of 16,2006-06-25,England,1,Ecuador,0,1
2006 FIFA Men's World Cup,2006,round of 16,2006-06-25,Portugal,1,Netherlands,0,1
2006 FIFA Men's World Cup,2006,round of 16,2006-06-26,Italy,1,Australia,0,1
2006 FIFA Men's World Cup,2006,round of 16,2006-06-26,Switzerland,0,Ukraine,0,1
2006 FIFA Men's World Cup,2006,round of 16,2006-06-27,Brazil,3,Ghana,0,1
2006 FIFA Men's World Cup,2006,round of 16,2006-06-27,Spain,1,France,3,1
2006 FIFA Men's World Cup,2006,quarter-finals,2006-06-30,Germany,1,Argentina,1,0
2006 FIFA Men's World Cup,2006,quarter-finals,2006-06-30,Italy,3,Ukraine,0,1
2006 FIFA Men's World Cup,2006,quarter-finals,2006-07-01,Brazil,0,France,1,1
2006 FIFA Men's World Cup,2006,quarter-finals,2006-07-01,England,0,Portugal,0,1
2006 FIFA Men's World Cup,2006,semi-finals,2006-07-04,Germany,0,Italy,2,0
2006 FIFA Men's World Cup,2006,semi-finals,2006-07-05,Portugal,0,France,1,1
2006 FIFA Men's World Cup,2006,third-place match,2006-07-08,Germany,3,Portugal,1,0
2006 FIFA Men's World Cup,2006,final,2006-07-09,Italy,1,France,1,1
2007 FIFA Women's World Cup,2007,Group A,2007-09-10,Germany,11,Argentina,0,1
2007 FIFA Women's World Cup,2007,Group A,2007-09-11,Japan,2,England,2,1
2007 FIFA Women's World Cup,2007,Group B,2007-09-11,Nigeria,1,Sweden,1,1
2007 FIFA Women's World Cup,2007,Group B,2007-09-11,United States,2,North Korea,2,1
2007 FIFA Women's World Cup,2007,Group C,2007-09-12,Ghana,1,Australia,4,1
2007 FIFA Women's World Cup,2007,Group C,2007-09-12,Norway,2,Canada,1,1
2007 FIFA Women's World Cup,2007,Group D,2007-09-12,China,3,Denmark,2,0
2007 FIFA Women's World Cup,2007,Group D,2007-09-12,New Zealand,0,Brazil,5,1
2007 FIFA Women's World Cup,2007,Group A,2007-09-14,Argentina,0,Japan,1,1
2007 FIFA Women's World Cup,2007,Group A,2007-09-14,England,0,Germany,0,1
2007 FIFA Women's World Cup,2007,Group B,2007-09-14,North Korea,2,Nigeria,0,1
2007 FIFA Women's World Cup,2007,Group B,2007-09-14,Sweden,0,United States,2,1
2007 FIFA Women's World Cup,2007,Group C,2007-09-15,Australia,1,Norway,1,1
2007 FIFA Women's World Cup,2007,Group C,2007-09-15,Canada,4,Ghana,0,1
2007 FIFA Women's World Cup,2007,Group D,2007-09-15,Brazil,4,China,0,1
2007 FIFA Women's World Cup,2007,Group D,2007-09-15,Denmark,2,New Zealand,0,1
2007 FIFA Women's World Cup,2007,Group A,2007-09-17,England,6,Argentina,1,1
2007 FIFA Women's World Cup,2007,Group A,2007-09-17,Germany,2,Japan,0,1
2007 FIFA Women's World Cup,2007,Group B,2007-09-18,Nigeria,0,United States,1,1
2007 FIFA Women's World Cup,2007,Group B,2007-09-18,North Korea,1,Sweden,2,1
2007 FIFA Women's World Cup,2007,Group C,2007-09-20,Australia,2,Canada,2,1
2007 FIFA Women's World Cup,2007,Group C,2007-09-20,Norway,7,Ghana,2,1
2007 FIFA Women's World Cup,2007,Group D,2007-09-20,Brazil,1,Denmark,0,1
2007 FIFA Women's World Cup,2007,Group D,2007-09-20,China,2,New Zealand,0,0
2007 FIFA Women's World Cup,2007,quarter-final,2007-09-22,Germany,3,North Korea,0,1
2007 FIFA Women's World Cup,2007,quarter-final,2007-09-22,United States,3,England,0,1
2007 FIFA Women's World Cup,2007,quarter-final,2007-09-23,Brazil,3,Australia,2,1
2007 FIFA Women's World Cup,2007,quarter-final,2007-09-23,Norway,1,China,0,1
2007 FIFA Women's World Cup,2007,semi-final,2007-09-26,Germany,3,Norway,0,1
2007 FIFA Women's World Cup,2007,semi-final,2007-09-27,United States,0,Brazil,4,1
2007 FIFA Women's World Cup,2007,final,2007-09-30,Germany,2,Brazil,0,1
2007 FIFA Women's World Cup,2007,third-place match,2007-09-30,Norway,1,United States,4,1
2010 FIFA Men's World Cup,2010,Group A,2010-06-11,South Africa,1,Mexico,1,0
2010 FIFA Men's World Cup,2010,Group A,2010-06-11,Uruguay,0,France,0,1
2010 FIFA Men's World Cup,2010,Group B,2010-06-12,Argentina,1,Nigeria,0,1
2010 FIFA Men's World Cup,2010,Group B,2010-06-12,South Korea,2,Greece,0,1
2010 FIFA Men's World Cup,2010,Group C,2010-06-12,England,1,United States,1,1
2010 FIFA Men's World Cup,2010,Group C,2010-06-13,Algeria,0,Slovenia,1,1
2010 FIFA Men's World Cup,2010,Group D,2010-06-13,Germany,4,Australia,0,1
2010 FIFA Men's World Cup,2010,Group D,2010-06-13,Serbia,0,Ghana,1,1
2010 FIFA Men's World Cup,2010,Group E,2010-06-14,Japan,1,Cameroon,0,1
2010 FIFA Men's World Cup,2010,Group E,2010-06-14,Netherlands,2,Denmark,0,1
2010 FIFA Men's World Cup,2010,Group F,2010-06-14,Italy,1,Paraguay,1,1
2010 FIFA Men's World Cup,2010,Group F,2010-06-15,New Zealand,1,Slovakia,1,1
2010 FIFA Men's World Cup,2010,Group G,2010-06-15,Brazil,2,North Korea,1,1
2010 FIFA Men's World Cup,2010,Group G,2010-06-15,Ivory Coast,0,Portugal,0,1
2010 FIFA Men's World Cup,2010,Group A,2010-06-16,South Africa,0,Uruguay,3,0
2010 FIFA Men's World Cup,2010,Group H,2010-06-16,Honduras,0,Chile,1,1
2010 FIFA Men's World Cup,2010,Group H,2010-06-16,Spain,0,Switzerland,1,1
2010 FIFA Men's World Cup,2010,Group A,2010-06-17,France,0,Mexico,2,1
2010 FIFA Men's World Cup,2010,Group B,2010-06-17,Argentina,4,South Korea,1,1
2010 FIFA Men's World Cup,2010,Group B,2010-06-17,Greece,2,Nigeria,1,1
2010 FIFA Men's World Cup,2010,Group C,2010-06-18,England,0,Algeria,0,1
2010 FIFA Men's World Cup,2010,Group C,2010-06-18,Slovenia,2,United States,2,1
2010 FIFA Men's World Cup,2010,Group D,2010-06-18,Germany,0,Serbia,1,1
2010 FIFA Men's World Cup,2010,Group D,2010-06-19,Ghana,1,Australia,1,1
2010 FIFA Men's World Cup,2010,Group E,2010-06-19,Cameroon,1,Denmark,2,1
2010 FIFA Men's World Cup,2010,Group E,2010-06-19,Netherlands,1,Japan,0,1
2010 FIFA Men's World Cup,2010,Group F,2010-06-20,Italy,1,New Zealand,1,1
2010 FIFA Men's World Cup,2010,Group F,2010-06-20,Slovakia,0,Paraguay,2,1
2010 FIFA Men's World Cup,2010,Group G,2010-06-20,Brazil,3,Ivory Coast,1,1
2010 FIFA Men's World Cup,2010,Group G,2010-06-21,Portugal,7,North Korea,0,1
2010 FIFA Men's World Cup,2010,Group H,2010-06-21,Chile,1,Switzerland,0,1
2010 FIFA Men's World Cup,2010,Group H,2010-06-21,Spain,2,Honduras,0,1
2010 FIFA Men's World Cup,2010,Group A,2010-06-22,France,1,South Africa,2,1
2010 FIFA Men's World Cup,2010,Group A,2010-06-22,Mexico,0,Uruguay,1,1
2010 FIFA Men's World Cup,2010,Group B,2010-06-22,Greece,0,Argentina,2,1
2010 FIFA Men's World Cup,2010,Group B,2010-06-22,Nigeria,2,South Korea,2,1
2010 FIFA Men's World Cup,2010,Group C,2010-06-23,Slovenia,0,England,1,1
2010 FIFA Men's World Cup,2010,Group C,2010-06-23,United States,1,Algeria,0,1
2010 FIFA Men's World Cup,2010,Group D,2010-06-23,Australia,2,Serbia,1,1
2010 FIFA Men's World Cup,2010,Group D,2010-06-23,Ghana,0,Germany,1,1
2010 FIFA Men's World Cup,2010,Group E,2010-06-24,Cameroon,1,Netherlands,2,1
2010 FIFA Men's World Cup,2010,Group E,2010-06-24,Denmark,1,Japan,3,1
2010 FIFA Men's World Cup,2010,Group F,2010-06-24,Paraguay,0,New Zealand,0,1
2010 FIFA Men's World Cup,2010,Group F,2010-06-24,Slovakia,3,Italy,2,1
2010 FIFA Men's World Cup,2010,Group G,2010-06-25,North Korea,0,Ivory Coast,3,1
2010 FIFA Men's World Cup,2010,Group G,2010-06-25,Portugal,0,Brazil,0,1
2010 FIFA Men's World Cup,2010,Group H,2010-06-25,Chile,1,Spain,2,1
2010 FIFA Men's World Cup,2010,Group H,2010-06-25,Switzerland,0,Honduras,0,1
2010 FIFA Men's World Cup,2010,round of 16,2010-06-26,United States,1,Ghana,2,1
2010 FIFA Men's World Cup,2010,round of 16,2010-06-26,Uruguay,2,South Korea,1,1
2010 FIFA Men's World Cup,2010,round of 16,2010-06-27,Argentina,3,Mexico,1,1
2010 FIFA Men's World Cup,2010,round of 16,2010-06-27,Germany,4,England,1,1
2010 FIFA Men's World Cup,2010,round of 16,2010-06-28,Brazil,3,Chile,0,1
2010 FIFA Men's World Cup,2010,round of 16,2010-06-28,Netherlands,2,Slovakia,1,1
2010 FIFA Men's World Cup,2010,round of 16,2010-06-29,Paraguay,0,Japan,0,1
2010 FIFA Men's World Cup,2010,round of 16,2010-06-29,Spain,1,Portugal,0,1
2010 FIFA Men's World Cup,2010,quarter-finals,2010-07-02,Netherlands,2,Brazil,1,1
2010 FIFA Men's World Cup,2010,quarter-finals,2010-07-02,Uruguay,1,Ghana,1,1
2010 FIFA Men's World Cup,2010,quarter-finals,2010-07-03,Argentina,0,Germany,4,1
2010 FIFA Men's World Cup,2010,quarter-finals,2010-07-03,Paraguay,0,Spain,1,1
2010 FIFA Men's World Cup,2010,semi-finals,2010-07-06,Uruguay,2,Netherlands,3,1
2010 FIFA Men's World Cup,2010,semi-finals,2010-07-07,Germany,0,Spain,1,1
2010 FIFA Men's World Cup,2010,third-place match,2010-07-10,Uruguay,2,Germany,3,1
2010 FIFA Men's World Cup,2010,final,2010-07-11,Netherlands,0,Spain,1,1
2011 FIFA Women's World Cup,2011,Group A,2011-06-26,Germany,2,Canada,1,0
2011 FIFA Women's World Cup,2011,Group A,2011-06-26,Nigeria,0,France,1,1
2011 FIFA Women's World Cup,2011,Group B,2011-06-27,Japan,2,New Zealand,1,1
2011 FIFA Women's World Cup,2011,Group B,2011-06-27,Mexico,1,England,1,1
2011 FIFA Women's World Cup,2011,Group C,2011-06-28,Colombia,0,Sweden,1,1
2011 FIFA Women's World Cup,2011,Group C,2011-06-28,United States,2,North Korea,0,1
2011 FIFA Women's World Cup,2011,Group D,2011-06-29,Brazil,1,Australia,0,1
2011 FIFA Women's World Cup,2011,Group D,2011-06-29,Norway,1,Equatorial Guinea,0,1
2011 FIFA Women's World Cup,2011,Group A,2011-06-30,Canada,0,France,4,1
2011 FIFA Women's World Cup,2011,Group A,2011-06-30,Germany,1,Nigeria,0,0
2011 FIFA Women's World Cup,2011,Group B,2011-07-01,Japan,4,Mexico,0,1
2011 FIFA Women's World Cup,2011,Group B,2011-07-01,New Zealand,1,England,2,1
2011 FIFA Women's World Cup,2011,Group C,2011-07-02,North Korea,0,Sweden,1,1
2011 FIFA Women's World Cup,2011,Group C,2011-07-02,United States,3,Colombia,0,1
2011 FIFA Women's World Cup,2011,Group D,2011-07-03,Australia,3,Equatorial Guinea,2,1
2011 FIFA Women's World Cup,2011,Group D,2011-07-03,Brazil,3,Norway,0,1
2011 FIFA Women's World Cup,2011,Group A,2011-07-05,Canada,0,Nigeria,1,1
2011 FIFA Women's World Cup,2011,Group A,2011-07-05,France,2,Germany,4,1
2011 FIFA Women's World Cup,2011,Group B,2011-07-05,England,2,Japan,0,1
2011 FIFA Women's World Cup,2011,Group B,2011-07-05,New Zealand,2,Mexico,2,1
2011 FIFA Women's World Cup,2011,Group C,2011-07-06,North Korea,0,Colombia,0,1
2011 FIFA Women's World Cup,2011,Group C,2011-07-06,Sweden,2,United States,1,1
2011 FIFA Women's World Cup,2011,Group D,2011-07-06,Australia,2,Norway,1,1
2011 FIFA Women's World Cup,2011,Group D,2011-07-06,Equatorial Guinea,0,Brazil,3,1
2011 FIFA Women's World Cup,2011,quarter-final,2011-07-09,England,1,France,1,1
2011 FIFA Women's World Cup,2011,quarter-final,2011-07-09,Germany,0,Japan,1,0
2011 FIFA Women's World Cup,2011,quarter-final,2011-07-10,Brazil,2,United States,2,1
2011 FIFA Women's World Cup,2011,quarter-final,2011-07-10,Sweden,3,Australia,1,1
2011 FIFA Women's World Cup,2011,semi-final,2011-07-13,France,1,United States,3,1
2011 FIFA Women's World Cup,2011,semi-final,2011-07-13,Japan,3,Sweden,1,1
2011 FIFA Women's World Cup,2011,third-place match,2011-07-16,Sweden,2,France,1,1
2011 FIFA Women's World Cup,2011,final,2011-07-17,Japan,2,United States,2,1
2014 FIFA Men's World Cup,2014,Group A,2014-06-12,Brazil,3,Croatia,1,0
2014 FIFA Men's World Cup,2014,Group A,2014-06-13,Mexico,1,Cameroon,0,1
2014 FIFA Men's World Cup,2014,Group B,2014-06-13,Chile,3,Australia,1,1
2014 FIFA Men's World Cup,2014,Group B,2014-06-13,Spain,1,Netherlands,5,1
2014 FIFA Men's World Cup,2014,Group C,2014-06-14,Colombia,3,Greece,0,1
2014 FIFA Men's World Cup,2014,Group C,2014-06-14,Ivory Coast,2,Japan,1,1
2014 FIFA Men's World Cup,2014,Group D,2014-06-14,England,1,Italy,2,1
2014 FIFA Men's World Cup,2014,Group D,2014-06-14,Uruguay,1,Costa Rica,3,1
2014 FIFA Men's World Cup,2014,Group E,2014-06-15,France,3,Honduras,0,1
2014 FIFA Men's World Cup,2014,Group E,2014-06-15,Switzerland,2,Ecuador,1,1
2014 FIFA Men's World Cup,2014,Group F,2014-06-15,Argentina,2,Bosnia and Herzegovina,1,1
2014 FIFA Men's World Cup,2014,Group F,2014-06-16,Iran,0,Nigeria,0,1
2014 FIFA Men's World Cup,2014,Group G,2014-06-16,Germany,4,Portugal,0,1
2014 FIFA Men's World Cup,2014,Group G,2014-06-16,Ghana,1,United States,2,1
2014 FIFA Men's World Cup,2014,Group A,2014-06-17,Brazil,0,Mexico,0,0
2014 FIFA Men's World Cup,2014,Group H,2014-06-17,Belgium,2,Algeria,1,1
2014 FIFA Men's World Cup,2014,Group H,2014-06-17,Russia,1,South Korea,1,1
2014 FIFA Men's World Cup,2014,Group A,2014-06-18,Cameroon,0,Croatia,4,1
2014 FIFA Men's World Cup,2014,Group B,2014-06-18,Australia,2,Netherlands,3,1
2014 FIFA Men's World Cup,2014,Group B,2014-06-18,Spain,0,Chile,2,1
2014 FIFA Men's World Cup,2014,Group C,2014-06-19,Colombia,2,Ivory Coast,1,1
2014 FIFA Men's World Cup,2014,Group C,2014-06-19,Japan,0,Greece,0,1
2014 FIFA Men's World Cup,2014,Group D,2014-06-19,Uruguay,2,England,1,1
2014 FIFA Men's World Cup,2014,Group D,2014-06-20,Italy,0,Costa Rica,1,1
2014 FIFA Men's World Cup,2014,Group E,2014-06-20,Honduras,1,Ecuador,2,1
2014 FIFA Men's World Cup,2014,Group E,2014-06-20,Switzerland,2,France,5,1
2014 FIFA Men's World Cup,2014,Group F,2014-06-21,Argentina,1,Iran,0,1
2014 FIFA Men's World Cup,2014,Group F,2014-06-21,Nigeria,1,Bosnia and Herzegovina,0,1
2014 FIFA Men's World Cup,2014,Group G,2014-06-21,Germany,2,Ghana,2,1
2014 FIFA Men's World Cup,2014,Group G,2014-06-22,United States,2,Portugal,2,1
2014 FIFA Men's World Cup,2014,Group H,2014-06-22,Belgium,1,Russia,0,1
2014 FIFA Men's World Cup,2014,Group H,2014-06-22,South Korea,2,Algeria,4,1
2014 FIFA Men's World Cup,2014,Group A,2014-06-23,Cameroon,1,Brazil,4,1
2014 FIFA Men's World Cup,2014,Group A,2014-06-23,Croatia,1,Mexico,3,1
2014 FIFA Men's World Cup,2014,Group B,2014-06-23,Australia,0,Spain,3,1
2014 FIFA Men's World Cup,2014,Group B,2014-06-23,Netherlands,2,Chile,0,1
2014 FIFA Men's World Cup,2014,Group C,2014-06-24,Greece,2,Ivory Coast,1,1
2014 FIFA Men's World Cup,2014,Group C,2014-06-24,Japan,1,Colombia,4,1
2014 FIFA Men's World Cup,2014,Group D,2014-06-24,Costa Rica,0,England,0,1
2014 FIFA Men's World Cup,2014,Group D,2014-06-24,Italy,0,Uruguay,1,1
2014 FIFA Men's World Cup,2014,Group E,2014-06-25,Ecuador,0,France,0,1
2014 FIFA Men's World Cup,2014,Group E,2014-06-25,Honduras,0,Switzerland,3,1
2014 FIFA Men's World Cup,2014,Group F,2014-06-25,Bosnia and Herzegovina,3,Iran,1,1
2014 FIFA Men's World Cup,2014,Group F,2014-06-25,Nigeria,2,Argentina,3,1
2014 FIFA Men's World Cup,2014,Group G,2014-06-26,Portugal,2,Ghana,1,1
2014 FIFA Men's World Cup,2014,Group G,2014-06-26,United States,0,Germany,1,1
2014 FIFA Men's World Cup,2014,Group H,2014-06-26,Algeria,1,Russia,1,1
2014 FIFA Men's World Cup,2014,Group H,2014-06-26,South Korea,0,Belgium,1,1
2014 FIFA Men's World Cup,2014,round of 16,2014-06-28,Brazil,1,Chile,1,0
2014 FIFA Men's World Cup,2014,round of 16,2014-06-28,Colombia,2,Uruguay,0,1
2014 FIFA Men's World Cup,2014,round of 16,2014-06-29,Costa Rica,1,Greece,1,1
2014 FIFA Men's World Cup,2014,round of 16,2014-06-29,Netherlands,2,Mexico,1,1
2014 FIFA Men's World Cup,2014,round of 16,2014-06-30,France,2,Nigeria,0,1
2014 FIFA Men's World Cup,2014,round of 16,2014-06-30,Germany,2,Algeria,1,1
2014 FIFA Men's World Cup,2014,round of 16,2014-07-01,Argentina,1,Switzerland,0,1
2014 FIFA Men's World Cup,2014,round of 16,2014-07-01,Belgium,2,United States,1,1
2014 FIFA Men's World Cup,2014,quarter-finals,2014-07-04,Brazil,2,Colombia,1,0
2014 FIFA Men's World Cup,2014,quarter-finals,2014-07-04,France,0,Germany,1,1
2014 FIFA Men's World Cup,2014,quarter-finals,2014-07-05,Argentina,1,Belgium,0,1
2014 FIFA Men's World Cup,2014,quarter-finals,2014-07-05,Netherlands,0,Costa Rica,0,1
2014 FIFA Men's World Cup,2014,semi-finals,2014-07-08,Brazil,1,Germany,7,0
2014 FIFA Men's World Cup,2014,semi-finals,2014-07-09,Netherlands,0,Argentina,0,1
2014 FIFA Men's World Cup,2014,third-place match,2014-07-12,Brazil,0,Netherlands,3,0
2014 FIFA Men's World Cup,2014,final,2014-07-13,Germany,1,Argentina,0,1
2015 FIFA Women's World Cup,2015,Group A,2015-06-06,Canada,1,China,0,0
2015 FIFA Women's World Cup,2015,Group A,2015-06-06,New Zealand,0,Netherlands,1,1
2015 FIFA Women's World Cup,2015,Group B,2015-06-07,Germany,10,Ivory Coast,0,1
2015 FIFA Women's World Cup,2015,Group B,2015-06-07,Norway,4,Thailand,0,1
2015 FIFA Women's World Cup,2015,Group C,2015-06-08,Japan,1,Switzerland,0,1
2015 FIFA Women's World Cup,2015,Group D,2015-06-08,Sweden,3,Nigeria,3,1
2015 FIFA Women's World Cup,2015,Group D,2015-06-08,United States,3,Australia,1,1
2015 FIFA Women's World Cup,2015,Group c,2015-06-08,Cameroon,6,Ecuador,0,1
2015 FIFA Women's World Cup,2015,Group E,2015-06-09,Brazil,2,South Korea,0,1
2015 FIFA Women's World Cup,2015,Group E,2015-06-09,Spain,1,Costa Rica,1,1
2015 FIFA Women's World Cup,2015,Group F,2015-06-09,Colombia,1,Mexico,1,1
2015 FIFA Women's World Cup,2015,Group F,2015-06-09,France,1,England,0,1
2015 FIFA Women's World Cup,2015,Group A,2015-06-11,Canada,0,New Zealand,0,0
2015 FIFA Women's World Cup,2015,Group A,2015-06-11,China,1,Netherlands,0,1
2015 FIFA Women's World Cup,2015,Group B,2015-06-11,Germany,1,Norway,1,1
2015 FIFA Women's World Cup,2015,Group B,2015-06-11,Ivory Coast,2,Thailand,3,1
2015 FIFA Women's World Cup,2015,Group C,2015-06-12,Japan,2,Cameroon,1,1
2015 FIFA Women's World Cup,2015,Group C,2015-06-12,Switzerland,10,Ecuador,1,1
2015 FIFA Women's World Cup,2015,Group D,2015-06-12,Australia,2,Nigeria,0,1
2015 FIFA Women's World Cup,2015,Group D,2015-06-12,United States,0,Sweden,0,1
2015 FIFA Women's World Cup,2015,Group E,2015-06-13,Brazil,1,Spain,0,1
2015 FIFA Women's World Cup,2015,Group E,2015-06-13,South Korea,2,Costa Rica,2,1
2015 FIFA Women's World Cup,2015,Group F,2015-06-13,England,2,Mexico,1,1
2015 FIFA Women's World Cup,2015,Group F,2015-06-13,France,0,Colombia,2,1
2015 FIFA Women's World Cup,2015,Group A,2015-06-15,China,2,New Zealand,2,1
2015 FIFA Women's World Cup,2015,Group A,2015-06-15,Netherlands,1,Canada,1,1
2015 FIFA Women's World Cup,2015,Group B,2015-06-15,Ivory Coast,1,Norway,3,1
2015 FIFA Women's World Cup,2015,Group B,2015-06-15,Thailand,0,Germany,4,1
2015 FIFA Women's World Cup,2015,Group C,2015-06-16,Ecuador,0,Japan,1,1
2015 FIFA Women's World Cup,2015,Group C,2015-06-16,Switzerland,1,Cameroon,2,1
2015 FIFA Women's World Cup,2015,Group D,2015-06-16,Australia,1,Sweden,1,1
2015 FIFA Women's World Cup,2015,Group D,2015-06-16,Nigeria,0,United States,1,1
2015 FIFA Women's World Cup,2015,Group E,2015-06-17,Costa Rica,0,Brazil,1,1
2015 FIFA Women's World Cup,2015,Group E,2015-06-17,South Korea,2,Spain,1,1
2015 FIFA Women's World Cup,2015,Group F,2015-06-17,England,2,Colombia,1,1
2015 FIFA Women's World Cup,2015,Group F,2015-06-17,Mexico,0,France,5,1
2015 FIFA Women's World Cup,2015,round of 16,2015-06-20,China,1,Cameroon,0,1
2015 FIFA Women's World Cup,2015,round of 16,2015-06-20,Germany,4,Sweden,1,1
2015 FIFA Women's World Cup,2015,round of 16,2015-06-21,Brazil,0,Australia,1,1
2015 FIFA Women's World Cup,2015,round of 16,2015-06-21,Canada,1,Switzerland,0,0
2015 FIFA Women's World Cup,2015,round of 16,2015-06-21,France,3,South Korea,0,1
2015 FIFA Women's World Cup,2015,round of 16,2015-06-22,Norway,1,England,2,1
2015 FIFA Women's World Cup,2015,round of 16,2015-06-22,United States,2,Colombia,0,1
2015 FIFA Women's World Cup,2015,round of 16,2015-06-23,Japan,2,Netherlands,1,1
2015 FIFA Women's World Cup,2015,quarter-final,2015-06-26,China,0,United States,1,1
2015 FIFA Women's World Cup,2015,quarter-final,2015-06-26,Germany,1,France,1,1
2015 FIFA Women's World Cup,2015,quarter-final,2015-06-27,Australia,0,Japan,1,1
2015 FIFA Women's World Cup,2015,quarter-final,2015-06-27,England,2,Canada,1,1
2015 FIFA Women's World Cup,2015,semi-final,2015-06-30,United States,2,Germany,0,1
2015 FIFA Women's World Cup,2015,semi-final,2015-07-01,Japan,2,England,1,1
2015 FIFA Women's World Cup,2015,third-place match,2015-07-04,Germany,0,England,1,1
2015 FIFA Women's World Cup,2015,final,2015-07-05,United States,5,Japan,2,1
2018 FIFA Men's World Cup,2018,Group A,2018-06-14,Russia,5,Saudi Arabia,0,0
2018 FIFA Men's World Cup,2018,Group A,2018-06-15,Egypt,0,Uruguay,1,1
2018 FIFA Men's World Cup,2018,Group B,2018-06-15,Morocco,0,Iran,1,1
2018 FIFA Men's World Cup,2018,Group B,2018-06-15,Portugal,3,Spain,3,1
2018 FIFA Men's World Cup,2018,Group C,2018-06-16,France,2,Australia,1,1
2018 FIFA Men's World Cup,2018,Group C,2018-06-16,Peru,0,Denmark,1,1
2018 FIFA Men's World Cup,2018,Group D,2018-06-16,Argentina,1,Iceland,1,1
2018 FIFA Men's World Cup,2018,Group D,2018-06-16,Croatia,2,Nigeria,0,1
2018 FIFA Men's World Cup,2018,Group E,2018-06-17,Brazil,1,Switzerland,1,1
2018 FIFA Men's World Cup,2018,Group E,2018-06-17,Costa Rica,0,Serbia,1,1
2018 FIFA Men's World Cup,2018,Group F,2018-06-17,Germany,0,Mexico,1,1
2018 FIFA Men's World Cup,2018,Group F,2018-06-18,Sweden,1,South Korea,0,1
2018 FIFA Men's World Cup,2018,Group G,2018-06-18,Belgium,3,Panama,0,1
2018 FIFA Men's World Cup,2018,Group G,2018-06-18,Tunisia,1,England,2,1
2018 FIFA Men's World Cup,2018,Group A,2018-06-19,Russia,3,Egypt,1,0
2018 FIFA Men's World Cup,2018,Group H,2018-06-19,Colombia,1,Japan,2,1
2018 FIFA Men's World Cup,2018,Group H,2018-06-19,Poland,1,Senegal,2,1
2018 FIFA Men's World Cup,2018,Group A,2018-06-20,Uruguay,1,Saudi Arabia,0,1
2018 FIFA Men's World Cup,2018,Group B,2018-06-20,Iran,0,Spain,1,1
2018 FIFA Men's World Cup,2018,Group B,2018-06-20,Portugal,1,Morocco,0,1
2018 FIFA Men's World Cup,2018,Group C,2018-06-21,Denmark,1,Australia,1,1
2018 FIFA Men's World Cup,2018,Group C,2018-06-21,France,1,Peru,0,1
2018 FIFA Men's World Cup,2018,Group D,2018-06-21,Argentina,0,Croatia,3,1
2018 FIFA Men's World Cup,2018,Group D,2018-06-22,Nigeria,2,Iceland,0,1
2018 FIFA Men's World Cup,2018,Group E,2018-06-22,Brazil,2,Costa Rica,0,1
2018 FIFA Men's World Cup,2018,Group E,2018-06-22,Serbia,1,Switzerland,2,1
2018 FIFA Men's World Cup,2018,Group F,2018-06-23,Germany,2,Sweden,1,1
2018 FIFA Men's World Cup,2018,Group F,2018-06-23,South Korea,1,Mexico,2,1
2018 FIFA Men's World Cup,2018,Group G,2018-06-23,Belgium,5,Tunisia,2,1
2018 FIFA Men's World Cup,2018,Group G,2018-06-24,England,6,Panama,1,1
2018 FIFA Men's World Cup,2018,Group H,2018-06-24,Japan,2,Senegal,2,1
2018 FIFA Men's World Cup,2018,Group H,2018-06-24,Poland,0,Colombia,3,1
2018 FIFA Men's World Cup,2018,Group A,2018-06-25,Saudi Arabia,2,Egypt,1,1
2018 FIFA Men's World Cup,2018,Group A,2018-06-25,Uruguay,3,Russia,0,1
2018 FIFA Men's World Cup,2018,Group B,2018-06-25,Iran,1,Portugal,1,1
2018 FIFA Men's World Cup,2018,Group B,2018-06-25,Spain,2,Morocco,2,1
2018 FIFA Men's World Cup,2018,Group C,2018-06-26,Australia,0,Peru,2,1
2018 FIFA Men's World Cup,2018,Group C,2018-06-26,Denmark,0,France,0,1
2018 FIFA Men's World Cup,2018,Group D,2018-06-26,Iceland,1,Croatia,2,1
2018 FIFA Men's World Cup,2018,Group D,2018-06-26,Nigeria,1,Argentina,2,1
2018 FIFA Men's World Cup,2018,Group E,2018-06-27,Serbia,0,Brazil,2,1
2018 FIFA Men's World Cup,2018,Group E,2018-06-27,Switzerland,2,Costa Rica,2,1
2018 FIFA Men's World Cup,2018,Group F,2018-06-27,Mexico,0,Sweden,3,1
2018 FIFA Men's World Cup,2018,Group F,2018-06-27,South Korea,2,Germany,0,1
2018 FIFA Men's World Cup,2018,Group G,2018-06-28,England,0,Belgium,1,1
2018 FIFA Men's World Cup,2018,Group G,2018-06-28,Panama,1,Tunisia,2,1
2018 FIFA Men's World Cup,2018,Group H,2018-06-28,Japan,0,Poland,1,1
2018 FIFA Men's World Cup,2018,Group H,2018-06-28,Senegal,0,Colombia,1,1
2018 FIFA Men's World Cup,2018,round of 16,2018-06-30,France,4,Argentina,3,1
2018 FIFA Men's World Cup,2018,round of 16,2018-06-30,Uruguay,2,Portugal,1,1
2018 FIFA Men's World Cup,2018,round of 16,2018-07-01,Croatia,1,Denmark,1,1
2018 FIFA Men's World Cup,2018,round of 16,2018-07-01,Spain,1,Russia,1,1
2018 FIFA Men's World Cup,2018,round of 16,2018-07-02,Belgium,3,Japan,2,1
2018 FIFA Men's World Cup,2018,round of 16,2018-07-02,Brazil,2,Mexico,0,1
2018 FIFA Men's World Cup,2018,round of 16,2018-07-03,Colombia,1,England,1,1
2018 FIFA Men's World Cup,2018,round of 16,2018-07-03,Sweden,1,Switzerland,0,1
2018 FIFA Men's World Cup,2018,quarter-finals,2018-07-06,Brazil,1,Belgium,2,1
2018 FIFA Men's World Cup,2018,quarter-finals,2018-07-06,Uruguay,0,France,2,1
2018 FIFA Men's World Cup,2018,quarter-finals,2018-07-07,Russia,2,Croatia,2,0
2018 FIFA Men's World Cup,2018,quarter-finals,2018-07-07,Sweden,0,England,2,1
2018 FIFA Men's World Cup,2018,semi-finals,2018-07-10,France,1,Belgium,0,1
2018 FIFA Men's World Cup,2018,semi-finals,2018-07-11,Croatia,2,England,1,1
2018 FIFA Men's World Cup,2018,third-place match,2018-07-14,Belgium,2,England,0,1
2018 FIFA Men's World Cup,2018,final,2018-07-15,France,4,Croatia,2,1
2019 FIFA Women's World Cup,2019,Group A,2019-06-07,France,4,South Korea,0,0
2019 FIFA Women's World Cup,2019,Group A,2019-06-08,Norway,3,Nigeria,0,1
2019 FIFA Women's World Cup,2019,Group B,2019-06-08,Germany,1,China,0,1
2019 FIFA Women's World Cup,2019,Group B,2019-06-08,Spain,3,South Africa,1,1
2019 FIFA Women's World Cup,2019,Group C,2019-06-09,Australia,1,Italy,2,1
2019 FIFA Women's World Cup,2019,Group C,2019-06-09,Brazil,3,Jamaica,0,1
2019 FIFA Women's World Cup,2019,Group D,2019-06-09,England,2,Scotland,1,1
2019 FIFA Women's World Cup,2019,Group D,2019-06-10,Argentina,0,Japan,0,1
2019 FIFA Women's World Cup,2019,Group E,2019-06-10,Canada,1,Cameroon,0,1
2019 FIFA Women's World Cup,2019,Group E,2019-06-11,New Zealand,0,Netherlands,1,1
2019 FIFA Women's World Cup,2019,Group F,2019-06-11,Chile,0,Sweden,2,1
2019 FIFA Women's World Cup,2019,Group F,2019-06-11,United States,13,Thailand,0,1
2019 FIFA Women's World Cup,2019,Group A,2019-06-12,France,2,Norway,1,0
2019 FIFA Women's World Cup,2019,Group A,2019-06-12,Nigeria,2,South Korea,0,1
2019 FIFA Women's World Cup,2019,Group B,2019-06-12,Germany,1,Spain,0,1
2019 FIFA Women's World Cup,2019,Group B,2019-06-13,South Africa,0,China,1,1
2019 FIFA Women's World Cup,2019,Group C,2019-06-13,Australia,3,Brazil,2,1
2019 FIFA Women's World Cup,2019,Group C,2019-06-14,Jamaica,0,Italy,5,1
2019 FIFA Women's World Cup,2019,Group D,2019-06-14,England,1,Argentina,0,1
2019 FIFA Women's World Cup,2019,Group D,2019-06-14,Japan,2,Scotland,1,1
2019 FIFA Women's World Cup,2019,Group E,2019-06-15,Canada,2,New Zealand,0,1
2019 FIFA Women's World Cup,2019,Group E,2019-06-15,Netherlands,3,Cameroon,1,1
2019 FIFA Women's World Cup,2019,Group F,2019-06-16,Sweden,5,Thailand,1,1
2019 FIFA Women's World Cup,2019,Group F,2019-06-16,United States,3,Chile,0,1
2019 FIFA Women's World Cup,2019,Group A,2019-06-17,Nigeria,0,France,1,1
2019 FIFA Women's World Cup,2019,Group A,2019-06-17,South Korea,1,Norway,2,1
2019 FIFA Women's World Cup,2019,Group B,2019-06-17,China,0,Spain,0,1
2019 FIFA Women's World Cup,2019,Group B,2019-06-17,South Africa,0,Germany,4,1
2019 FIFA Women's World Cup,2019,Group C,2019-06-18,Italy,0,Brazil,1,1
2019 FIFA Women's World Cup,2019,Group C,2019-06-18,Jamaica,1,Australia,4,1
2019 FIFA Women's World Cup,2019,Group D,2019-06-19,Japan,0,England,2,1
2019 FIFA Women's World Cup,2019,Group D,2019-06-19,Scotland,3,Argentina,3,1
2019 FIFA Women's World Cup,2019,Group E,2019-06-20,Cameroon,2,New Zealand,1,1
2019 FIFA Women's World Cup,2019,Group E,2019-06-20,Netherlands,2,Canada,1,1
2019 FIFA Women's World Cup,2019,Group F,2019-06-20,Sweden,0,United States,2,1
2019 FIFA Women's World Cup,2019,Group F,2019-06-20,Thailand,0,Chile,2,1
2019 FIFA Women's World Cup,2019,round of 16,2019-06-22,Germany,3,Nigeria,0,1
2019 FIFA Women's World Cup,2019,round of 16,2019-06-22,Norway,1,Australia,1,1
2019 FIFA Women's World Cup,2019,round of 16,2019-06-23,England,3,Cameroon,0,1
2019 FIFA Women's World Cup,2019,round of 16,2019-06-23,France,2,Brazil,1,0
2019 FIFA Women's World Cup,2019,round of 16,2019-06-24,Spain,1,United States,2,1
2019 FIFA Women's World Cup,2019,round of 16,2019-06-24,Sweden,1,Canada,0,1
2019 FIFA Women's World Cup,2019,round of 16,2019-06-25,Italy,2,China,0,1
2019 FIFA Women's World Cup,2019,round of 16,2019-06-25,Netherlands,2,Japan,1,1
2019 FIFA Women's World Cup,2019,quarter-final,2019-06-27,Norway,0,England,3,1
2019 FIFA Women's World Cup,2019,quarter-final,2019-06-28,France,1,United States,2,0
2019 FIFA Women's World Cup,2019,quarter-final,2019-06-29,Germany,1,Sweden,2,1
2019 FIFA Women's World Cup,2019,quarter-final,2019-06-29,Italy,0,Netherlands,2,1
2019 FIFA Women's World Cup,2019,semi-final,2019-07-02,England,1,United States,2,1
2019 FIFA Women's World Cup,2019,semi-final,2019-07-03,Netherlands,1,Sweden,0,1
2019 FIFA Women's World Cup,2019,third-place match,2019-07-06,England,1,Sweden,2,1
2019 FIFA Women's World Cup,2019,final,2019-07-07,United States,2,Netherlands,0,1
2022 FIFA Men's World Cup,2022,Group A,2022-11-20,Qatar,0,Ecuador,2,0
2022 FIFA Men's World Cup,2022,Group A,2022-11-21,Senegal,0,Netherlands,2,1
2022 FIFA Men's World Cup,2022,Group B,2022-11-21,England,6,Iran,2,1
2022 FIFA Men's World Cup,2022,Group B,2022-11-21,United States,1,Wales,1,1
2022 FIFA Men's World Cup,2022,Group C,2022-11-22,Argentina,1,Saudi Arabia,2,1
2022 FIFA Men's World Cup,2022,Group C,2022-11-22,Mexico,0,Poland,0,1
2022 FIFA Men's World Cup,2022,Group D,2022-11-22,Denmark,0,Tunisia,0,1
2022 FIFA Men's World Cup,2022,Group D,2022-11-22,France,4,Australia,1,1
2022 FIFA Men's World Cup,2022,Group E,2022-11-23,Germany,1,Japan,2,1
2022 FIFA Men's World Cup,2022,Group E,2022-11-23,Spain,7,Costa Rica,0,1
2022 FIFA Men's World Cup,2022,Group F,2022-11-23,Belgium,1,Canada,0,1
2022 FIFA Men's World Cup,2022,Group F,2022-11-23,Morocco,0,Croatia,0,1
2022 FIFA Men's World Cup,2022,Group G,2022-11-24,Brazil,2,Serbia,0,1
2022 FIFA Men's World Cup,2022,Group G,2022-11-24,Switzerland,1,Cameroon,0,1
2022 FIFA Men's World Cup,2022,Group H,2022-11-24,Portugal,3,Ghana,2,1
2022 FIFA Men's World Cup,2022,Group H,2022-11-24,Uruguay,0,South Korea,0,1
2022 FIFA Men's World Cup,2022,Group A,2022-11-25,Netherlands,1,Ecuador,1,1
2022 FIFA Men's World Cup,2022,Group A,2022-11-25,Qatar,1,Senegal,3,0
2022 FIFA Men's World Cup,2022,Group B,2022-11-25,England,0,United States,0,1
2022 FIFA Men's World Cup,2022,Group B,2022-11-25,Wales,0,Iran,2,1
2022 FIFA Men's World Cup,2022,Group C,2022-11-26,Argentina,2,Mexico,0,1
2022 FIFA Men's World Cup,2022,Group C,2022-11-26,Poland,2,Saudi Arabia,0,1
2022 FIFA Men's World Cup,2022,Group D,2022-11-26,France,2,Denmark,1,1
2022 FIFA Men's World Cup,2022,Group D,2022-11-26,Tunisia,0,Australia,1,1
2022 FIFA Men's World Cup,2022,Group E,2022-11-27,Japan,0,Costa Rica,1,1
2022 FIFA Men's World Cup,2022,Group E,2022-11-27,Spain,1,Germany,1,1
2022 FIFA Men's World Cup,2022,Group F,2022-11-27,Belgium,0,Morocco,2,1
2022 FIFA Men's World Cup,2022,Group F,2022-11-27,Croatia,4,Canada,1,1
2022 FIFA Men's World Cup,2022,Group G,2022-11-28,Brazil,1,Switzerland,0,1
2022 FIFA Men's World Cup,2022,Group G,2022-11-28,Cameroon,3,Serbia,3,1
2022 FIFA Men's World Cup,2022,Group H,2022-11-28,Portugal,2,Uruguay,0,1
2022 FIFA Men's World Cup,2022,Group H,2022-11-28,South Korea,2,Ghana,3,1
2022 FIFA Men's World Cup,2022,Group A,2022-11-29,Ecuador,1,Senegal,2,1
2022 FIFA Men's World Cup,2022,Group A,2022-11-29,Netherlands,2,Qatar,0,1
2022 FIFA Men's World Cup,2022,Group B,2022-11-29,Iran,0,United States,1,1
2022 FIFA Men's World Cup,2022,Group B,2022-11-29,Wales,0,England,3,1
2022 FIFA Men's World Cup,2022,Group C,2022-11-30,Poland,0,Argentina,2,1
2022 FIFA Men's World Cup,2022,Group C,2022-11-30,Saudi Arabia,1,Mexico,2,1
2022 FIFA Men's World Cup,2022,Group D,2022-11-30,Australia,1,Denmark,0,1
2022 FIFA Men's World Cup,2022,Group D,2022-11-30,Tunisia,1,France,0,1
2022 FIFA Men's World Cup,2022,Group E,2022-12-01,Costa Rica,2,Germany,4,1
2022 FIFA Men's World Cup,2022,Group E,2022-12-01,Japan,2,Spain,1,1
2022 FIFA Men's World Cup,2022,Group F,2022-12-01,Canada,1,Morocco,2,1
2022 FIFA Men's World Cup,2022,Group F,2022-12-01,Croatia,0,Belgium,0,1
2022 FIFA Men's World Cup,2022,Group G,2022-12-02,Cameroon,1,Brazil,0,1
2022 FIFA Men's World Cup,2022,Group G,2022-12-02,Serbia,2,Switzerland,3,1
2022 FIFA Men's World Cup,2022,Group H,2022-12-02,Ghana,0,Uruguay,2,1
2022 FIFA Men's World Cup,2022,Group H,2022-12-02,South Korea,2,Portugal,1,1
2022 FIFA Men's World Cup,2022,round of 16,2022-12-03,Argentina,2,Australia,1,1
2022 FIFA Men's World Cup,2022,round of 16,2022-12-03,Netherlands,3,United States,1,1
2022 FIFA Men's World Cup,2022,round of 16,2022-12-04,England,3,Senegal,0,1
2022 FIFA Men's World Cup,2022,round of 16,2022-12-04,France,3,Poland,1,1
2022 FIFA Men's World Cup,2022,round of 16,2022-12-05,Brazil,4,South Korea,1,1
2022 FIFA Men's World Cup,2022,round of 16,2022-12-05,Japan,1,Croatia,1,1
2022 FIFA Men's World Cup,2022,round of 16,2022-12-06,Morocco,0,Spain,0,1
2022 FIFA Men's World Cup,2022,round of 16,2022-12-06,Portugal,6,Switzerland,1,1
2022 FIFA Men's World Cup,2022,quarter-finals,2022-12-09,Croatia,1,Brazil,1,1
2022 FIFA Men's World Cup,2022,quarter-finals,2022-12-09,Netherlands,2,Argentina,2,1
2022 FIFA Men's World Cup,2022,quarter-finals,2022-12-10,England,1,France,2,1
2022 FIFA Men's World Cup,2022,quarter-finals,2022-12-10,Morocco,1,Portugal,0,1
2022 FIFA Men's World Cup,2022,semi-finals,2022-12-13,Argentina,3,Croatia,0,1
2022 FIFA Men's World Cup,2022,semi-finals,2022-12-14,France,2,Morocco,0,1
2022 FIFA Men's World Cup,2022,third-place match,2022-12-17,Croatia,2,Morocco,1,1
2022 FIFA Men's World Cup,2022,final,2022-12-18,Argentina,3,France,3,1
